unitid,IPEDS Name,Common Name,Staff Directory Join,Football/Primary Conference,mascot,abbreviation,alt_name1,alt_name2,alt_name3,Hockey Conference,Subdivision,Level,division,color,alt_color,logo,logo_dark
222178,Abilene Christian University,Abilene Christian,Abilene Christian University,United,Wildcats,ACU,,ACU,Abil Christian,,,,,#4e2683,#ebebeb,http://a.espncdn.com/i/teamlogos/ncaa/500/2000.png,http://a.espncdn.com/i/teamlogos/ncaa/500-dark/2000.png
100654,Alabama A & M University,Alabama A&M,Alabama Agricultural and Mechanical University,Southwestern,Bulldogs,AAMU,,AAMU,Alabama A&M,,,,,#790000,#ffffff,http://a.espncdn.com/i/teamlogos/ncaa/500/2010.png,http://a.espncdn.com/i/teamlogos/ncaa/500-dark/2010.png
100724,Alabama State University,Alabama State,Alabama State University,Southwestern,Hornets,ALST,,ALST,Alabama State,,,,,#e9a900,#0a0a0a,http://a.espncdn.com/i/teamlogos/ncaa/500/2011.png,http://a.espncdn.com/i/teamlogos/ncaa/500-dark/2011.png
175342,Alcorn State University,Alcorn State,Alcorn State University,Southwestern,Braves,ALCN,,ALCN,Alcorn State,,,,,#4b0058,#46166a,http://a.espncdn.com/i/teamlogos/ncaa/500/2016.png,http://a.espncdn.com/i/teamlogos/ncaa/500-dark/2016.png
164447,American International College,American,American University,Patriot League,,,,,,NE10,,,,,,,
197869,Appalachian State University,App State,Appalachian State University,Sun Belt,Mountaineers,APP,,APP,Appalachian St,,G5,3,,#000000,#ffcd00,http://a.espncdn.com/i/teamlogos/ncaa/500/2026.png,http://a.espncdn.com/i/teamlogos/ncaa/500-dark/2026.png
104151,Arizona State University Campus Immersion,Arizona State,Arizona State University,Big 12,Sun Devils,ASU,,ASU,Arizona State,,P4,2,South,#942139,#f1f2f3,http://a.espncdn.com/i/teamlogos/ncaa/500/9.png,http://a.espncdn.com/i/teamlogos/ncaa/500-dark/9.png
106458,Arkansas State University,Arkansas State,Arkansas State University,Sun Belt,Red Wolves,ARST,,ARST,Arkansas State,,G5,3,,#e81018,#000000,http://a.espncdn.com/i/teamlogos/ncaa/500/2032.png,http://a.espncdn.com/i/teamlogos/ncaa/500-dark/2032.png
100858,Auburn University,Auburn,Auburn University,SEC,Tigers,AUB,,AUB,Auburn,,P4,1,West,#03244d,#f1f2f3,http://a.espncdn.com/i/teamlogos/ncaa/500/2.png,http://a.espncdn.com/i/teamlogos/ncaa/500-dark/2.png
219602,Austin Peay State University,Austin Peay,Austin Peay State University,United,Governors,PEAY,,PEAY,Austin Peay,,,,,#8e0b0b,,http://a.espncdn.com/i/teamlogos/ncaa/500/2046.png,http://a.espncdn.com/i/teamlogos/ncaa/500-dark/2046.png
150136,Ball State University,Ball State,Ball State University,Mid-American,Cardinals,BALL,,BALL,Ball State,,G5,3,West,#DA0000,#ffffff,http://a.espncdn.com/i/teamlogos/ncaa/500/2050.png,http://a.espncdn.com/i/teamlogos/ncaa/500-dark/2050.png
223232,Baylor University,Baylor,Baylor University,Big 12,Bears,BAY,,BAY,Baylor,,P4,2,,#004834,#ffb81c,http://a.espncdn.com/i/teamlogos/ncaa/500/239.png,http://a.espncdn.com/i/teamlogos/ncaa/500-dark/239.png
156286,Bellarmine University,Bellarmine,Bellarmine University,Southern Conference,,,,,,,,,,,,,
219709,Belmont University,Belmont,Belmont University,Missouri Valley,,,,,,,,,,,,,
132602,Bethune-Cookman University,Bethune-Cookman,Bethune-Cookman University,Southwestern,Wildcats,BCU,,BCU,Bethune-Cookman,,,,,#7b1831,#e9aa12,http://a.espncdn.com/i/teamlogos/ncaa/500/2065.png,http://a.espncdn.com/i/teamlogos/ncaa/500-dark/2065.png
142115,Boise State University,Boise State,Boise State University,Mountain West,Broncos,BSU,,BSU,Boise State,,G5,3,Mountain,#09347A,#d8d9da,http://a.espncdn.com/i/teamlogos/ncaa/500/68.png,http://a.espncdn.com/i/teamlogos/ncaa/500-dark/68.png
164924,Boston College,Boston College,Boston College,ACC,Eagles,BC,,BC,Boston College,,P4,2,Atlantic,#88001a,#a39161,http://a.espncdn.com/i/teamlogos/ncaa/500/103.png,http://a.espncdn.com/i/teamlogos/ncaa/500-dark/103.png
164988,Boston University,Boston University,Boston University,Patriot League,Terriers,BU,,,Boston University,,,,,,,https://content.sportslogos.net/logos/30/619/full/boston_university_terriers_logo_primary_2015_sportslogosnet-1121.png,
201441,Bowling Green State University-Main Campus,Bowling Green,Bowling Green State University,Mid-American,Falcons,BGSU,Bowling Green State,BGSU,Bowling Green,,G5,3,East,#2b1000,#492000,http://a.espncdn.com/i/teamlogos/ncaa/500/189.png,http://a.espncdn.com/i/teamlogos/ncaa/500-dark/189.png
143358,Bradley University,Bradley,Bradley University,Missouri Valley,Braves,,,,Bradley,,,,,,,,
230038,Brigham Young University,BYU,Brigham Young University,Big 12,Cougars,BYU,Brigham Young,BYU,BYU,,P4,2,,#001E4C,#ffffff,http://a.espncdn.com/i/teamlogos/ncaa/500/252.png,http://a.espncdn.com/i/teamlogos/ncaa/500-dark/252.png
217156,Brown University,Brown,Brown University,Ivy,Bears,BRWN,,BRWN,Brown,,,,,#411e09,#949300,http://a.espncdn.com/i/teamlogos/ncaa/500/225.png,http://a.espncdn.com/i/teamlogos/ncaa/500-dark/225.png
217165,Bryant University,Bryant,Bryant University,CAA,Bulldogs,BRY,,BRY,Bryant,,,,,#000000,#9f8343,http://a.espncdn.com/i/teamlogos/ncaa/500/2803.png,http://a.espncdn.com/i/teamlogos/ncaa/500-dark/2803.png
211291,Bucknell University,Bucknell,Bucknell University,Patriot League,Bison,BUCK,,BUCK,Bucknell,,,,,#000060,#00316e,http://a.espncdn.com/i/teamlogos/ncaa/500/2083.png,http://a.espncdn.com/i/teamlogos/ncaa/500-dark/2083.png
110361,California Baptist University,California Baptist,California Baptist University,Western,,,,,,,,,,,,,
110422,California Polytechnic State University,Cal Poly,California Polytechnic State University,Big West,Mustangs,CP,,CP,Cal Poly,,,,,#1E4D2B,#eed897,http://a.espncdn.com/i/teamlogos/ncaa/500/13.png,http://a.espncdn.com/i/teamlogos/ncaa/500-dark/13.png
110486,California State University-Bakersfield,Bakersfield,"California State University, Bakersfield",Big West,,,,,,,,,,,,,
110556,California State University-Fresno,Fresno State,"California State University, Fresno",Mountain West,Bulldogs,FRES,,FRES,Fresno State,,G5,3,West,#c41230,#231f20,http://a.espncdn.com/i/teamlogos/ncaa/500/278.png,http://a.espncdn.com/i/teamlogos/ncaa/500-dark/278.png
110565,California State University-Fullerton,Cal State Fullerton,"California State University, Fullerton",Big West,Titans,,,,Cal State Fullerton,,,,,#00274C,,https://content.sportslogos.net/logos/30/627/full/cal_state_fullerton_titans_logo_primary_2020_sportslogosnet-7502.png,
110583,California State University-Long Beach,UC Long Beach,"California State University, Long Beach",Big West,49ers,LBS,,LBS,Long Beach State,,,,,#ffc72a,#000000,https://content.sportslogos.net/logos/32/730/full/long_beach_state_49ers_logo_primary_2018_sportslogosnet-1094.png,
110608,California State University-Northridge,Cal State Northridge,"California State University, Northridge",Big West,,,,,,,,,,,,,
110617,California State University-Sacramento,Sacramento State,"California State University, Sacramento",Big Sky,Hornets,SAC,,SAC,Sacramento St,,,,,#00573C,#cdb97d,http://a.espncdn.com/i/teamlogos/ncaa/500/16.png,http://a.espncdn.com/i/teamlogos/ncaa/500-dark/16.png
198136,Campbell University,Campbell,Campbell University,CAA,Camels,CAMP,,CAMP,Campbell,,,,,#000000,,http://a.espncdn.com/i/teamlogos/ncaa/500/2097.png,http://a.espncdn.com/i/teamlogos/ncaa/500-dark/2097.png
189705,Canisius University,Canisius,Canisius University,Metro Atlantic,,CANI,,,Canisius,,,,,,,,
128771,Central Connecticut State University,Central Connecticut,Central Connecticut State University,Northeast Conference,Blue Devils,CCSU,Central Connecticut State,CCSU,Cent Conn St,,,,,#1B49A2,#d1d5d8,http://a.espncdn.com/i/teamlogos/ncaa/500/2115.png,http://a.espncdn.com/i/teamlogos/ncaa/500-dark/2115.png
169248,Central Michigan University,Central Michigan,Central Michigan University,Mid-American,Chippewas,CMU,,CMU,Cent Michigan,,G5,3,West,#6a0032,#ffffff,http://a.espncdn.com/i/teamlogos/ncaa/500/2117.png,http://a.espncdn.com/i/teamlogos/ncaa/500-dark/2117.png
217688,Charleston Southern University,Charleston Southern,Charleston Southern University,OVC-Big South,Buccaneers,CHSO,,CHSO,Charleston So,,,,,#2e3192,#ded090,http://a.espncdn.com/i/teamlogos/ncaa/500/2127.png,http://a.espncdn.com/i/teamlogos/ncaa/500-dark/2127.png
144005,Chicago State University,Chicago State,Chicago State University,Northeast Conference,,,,,,,,,,,,,
217882,Clemson University,Clemson,Clemson University,ACC,Tigers,CLEM,,CLEM,Clemson,,P4,2,Atlantic,#F66733,#522d80,http://a.espncdn.com/i/teamlogos/ncaa/500/228.png,http://a.espncdn.com/i/teamlogos/ncaa/500-dark/228.png
202134,Cleveland State University,Cleveland State,Cleveland State University,Horizon League,,,,,,,,,,#006747,,https://content.sportslogos.net/logos/30/644/full/cleveland_state_vikings_logo_primary_20075460.png,
218724,Coastal Carolina University,Coastal Carolina,Coastal Carolina University,Sun Belt,Chanticleers,CCU,,CCU,C. Carolina,,G5,3,,#007073,#876447,http://a.espncdn.com/i/teamlogos/ncaa/500/324.png,http://a.espncdn.com/i/teamlogos/ncaa/500-dark/324.png
190099,Colgate University,Colgate,Colgate University,Patriot League,Raiders,COLG,,COLG,Colgate,,,,,#8B011D,#231f20,http://a.espncdn.com/i/teamlogos/ncaa/500/2142.png,http://a.espncdn.com/i/teamlogos/ncaa/500-dark/2142.png
217819,College of Charleston,Charleston,College of Charleston,CAA,,,,,,,,,,,,,
166124,College of the Holy Cross,Holy Cross,College of the Holy Cross,Patriot League,Crusaders,HC,,HC,Holy Cross,,,,,#0a0a0a,#080808,http://a.espncdn.com/i/teamlogos/ncaa/500/107.png,http://a.espncdn.com/i/teamlogos/ncaa/500-dark/107.png
126818,Colorado State University-Fort Collins,Colorado State,Colorado State University,Mountain West,Rams,CSU,,CSU,Colorado State,,G5,3,Mountain,#004537,#ffc425,http://a.espncdn.com/i/teamlogos/ncaa/500/36.png,http://a.espncdn.com/i/teamlogos/ncaa/500-dark/36.png
190150,Columbia University in the City of New York,Columbia,Columbia University in the City of New York,Ivy,Lions,CLMB,,CLMB,Columbia,,,,,#174785,#004b85,http://a.espncdn.com/i/teamlogos/ncaa/500/171.png,http://a.espncdn.com/i/teamlogos/ncaa/500-dark/171.png
162283,Coppin State University,Coppin,Coppin State University,Mid-Eastern,,,,,,,,,,,,,
190415,Cornell University,Cornell,Cornell University,Ivy,Big Red,COR,,COR,Cornell,,,,,#d60027,#101010,http://a.espncdn.com/i/teamlogos/ncaa/500/172.png,http://a.espncdn.com/i/teamlogos/ncaa/500-dark/172.png
182670,Dartmouth College,Dartmouth,Dartmouth College,Ivy,Big Green,DART,,DART,Dartmouth,,,,,#005730,#000000,http://a.espncdn.com/i/teamlogos/ncaa/500/159.png,http://a.espncdn.com/i/teamlogos/ncaa/500-dark/159.png
198385,Davidson College,Davidson,Davidson College,Atlantic 10,Wildcats,DAV,,DAV,Davidson,,,,,#000000,#e51837,http://a.espncdn.com/i/teamlogos/ncaa/500/2166.png,http://a.espncdn.com/i/teamlogos/ncaa/500-dark/2166.png
130934,Delaware State University,Delaware State,Delaware State University,Mid-Eastern,Hornets,DSU,,DSU,Delaware State,,,,,#FF3630,#009cdd,http://a.espncdn.com/i/teamlogos/ncaa/500/2169.png,http://a.espncdn.com/i/teamlogos/ncaa/500-dark/2169.png
144740,DePaul University,DePaul,DePaul University,Big East,,,,,,,,,,,,,
153269,Drake University,Drake,Drake University,Pioneer,Bulldogs,DRKE,,DRKE,Drake,,,,,#004477,#c0c0c0,http://a.espncdn.com/i/teamlogos/ncaa/500/2181.png,http://a.espncdn.com/i/teamlogos/ncaa/500-dark/2181.png
212054,Drexel University,Drexel,Drexel University,CAA,,,,,,,,,,,,,
198419,Duke University,Duke,Duke University,ACC,Blue Devils,DUKE,,DUKE,Duke,,P4,2,Coastal,#001A57,#f1f2f3,http://a.espncdn.com/i/teamlogos/ncaa/500/150.png,http://a.espncdn.com/i/teamlogos/ncaa/500-dark/150.png
212106,Duquesne University of the Holy Spirit,Duquesne,Duquesne University of the Holy Spirit,Atlantic 10,Dukes,DUQ,,DUQ,Duquesne,,,,,#002D62,#b90b2e,http://a.espncdn.com/i/teamlogos/ncaa/500/2184.png,http://a.espncdn.com/i/teamlogos/ncaa/500-dark/2184.png
198464,East Carolina University,East Carolina,East Carolina University,American Athletic,Pirates,ECU,,ECU,ECU,,G5,3,East,#4b1869,#f0907b,http://a.espncdn.com/i/teamlogos/ncaa/500/151.png,http://a.espncdn.com/i/teamlogos/ncaa/500-dark/151.png
220075,East Tennessee State University,East Tennessee State,East Tennessee State University,Southern Conference,Buccaneers,ETSU,,ETSU,ETSU,,,,,#002d61,#ffc423,http://a.espncdn.com/i/teamlogos/ncaa/500/2193.png,http://a.espncdn.com/i/teamlogos/ncaa/500-dark/2193.png
224554,East Texas A&M University,East Texas A&M,East Texas A&M University,Southland,,,,,,,,,,,,,
144892,Eastern Illinois University,Eastern Illinois,Eastern Illinois University,OVC-Big South,Panthers,EIU,,EIU,E Illinois,,,,,#000000,#bebab9,http://a.espncdn.com/i/teamlogos/ncaa/500/2197.png,http://a.espncdn.com/i/teamlogos/ncaa/500-dark/2197.png
156620,Eastern Kentucky University,Eastern Kentucky,Eastern Kentucky University,United,Colonels,EKY,,EKY,E Kentucky,,,,,#660819,#f0f0f0,http://a.espncdn.com/i/teamlogos/ncaa/500/2198.png,http://a.espncdn.com/i/teamlogos/ncaa/500-dark/2198.png
169798,Eastern Michigan University,Eastern Michigan,Eastern Michigan University,Mid-American,Eagles,EMU,,EMU,E Michigan,,G5,3,West,#00331b,#f0f0f0,http://a.espncdn.com/i/teamlogos/ncaa/500/2199.png,http://a.espncdn.com/i/teamlogos/ncaa/500-dark/2199.png
235097,Eastern Washington University,Eastern Washington,Eastern Washington University,Big Sky,Eagles,EWU,,EWU,E Washington,,,,,#a10022,#abb4bc,http://a.espncdn.com/i/teamlogos/ncaa/500/331.png,http://a.espncdn.com/i/teamlogos/ncaa/500-dark/331.png
198516,Elon University,Elon,Elon University,CAA,Phoenix,ELON,,ELON,Elon,,,,,#020303,#b59a57,http://a.espncdn.com/i/teamlogos/ncaa/500/2210.png,http://a.espncdn.com/i/teamlogos/ncaa/500-dark/2210.png
129242,Fairfield University,Fairfield,Fairfield University,Metro Atlantic,,,,,,,,,,,,,
184694,Fairleigh Dickinson University-Florham Campus,Fairleigh Dickinson,Fairleigh Dickinson University,Northeast Conference,,,,,,,,,,,,,
133669,Florida Atlantic University,Florida Atlantic,Florida Atlantic University,American Athletic,Owls,FAU,,FAU,FAU,,G5,3,East,#004B85,#bb2f4c,http://a.espncdn.com/i/teamlogos/ncaa/500/2226.png,http://a.espncdn.com/i/teamlogos/ncaa/500-dark/2226.png
433660,Florida Gulf Coast University,Florida Gulf Coast,Florida Gulf Coast,Atlantic Sun,,,,,,,,,,,,,
133951,Florida International University,Florida International,Florida International University,Conference USA,Golden Panthers,FIU,,FIU,FIU,,G5,3,East,#001538,#c5960c,http://a.espncdn.com/i/teamlogos/ncaa/500/2229.png,http://a.espncdn.com/i/teamlogos/ncaa/500-dark/2229.png
134097,Florida State University,Florida State,Florida State University,ACC,Seminoles,FSU,,FSU,FSU,,P4,2,Atlantic,#782F40,#ceb888,http://a.espncdn.com/i/teamlogos/ncaa/500/52.png,http://a.espncdn.com/i/teamlogos/ncaa/500-dark/52.png
191241,Fordham University,Fordham,Fordham University,Patriot League,Rams,FOR,,FOR,Fordham,,,,,#830032,#909090,http://a.espncdn.com/i/teamlogos/ncaa/500/2230.png,http://a.espncdn.com/i/teamlogos/ncaa/500-dark/2230.png
218070,Furman University,Furman,Furman University,Southern Conference,Paladins,FUR,,FUR,Furman,,,,,#4A2184,#909090,http://a.espncdn.com/i/teamlogos/ncaa/500/231.png,http://a.espncdn.com/i/teamlogos/ncaa/500-dark/231.png
198561,Gardner-Webb University,Gardner-Webb,Gardner-Webb University,OVC-Big South,Bulldogs,WEBB,,WEBB,Gardner-Webb,,,,,#c12535,#909090,http://a.espncdn.com/i/teamlogos/ncaa/500/2241.png,http://a.espncdn.com/i/teamlogos/ncaa/500-dark/2241.png
232186,George Mason University,George Mason,George Mason University,Atlantic 10,Patriots,GMU,,GMU,George Mason,,,,,#016600,#ecb010,http://a.espncdn.com/i/teamlogos/ncaa/500/2244.png,http://a.espncdn.com/i/teamlogos/ncaa/500-dark/2244.png
131496,Georgetown University,Georgetown,Georgetown University,Big East,Hoyas,GTWN,,GTWN,Georgetown,,,,,#110E42,#001c58,http://a.espncdn.com/i/teamlogos/ncaa/500/46.png,http://a.espncdn.com/i/teamlogos/ncaa/500-dark/46.png
139755,Georgia Institute of Technology-Main Campus,Georgia Tech,Georgia Institute of Technology,ACC,Yellow Jackets,GT,,GT,Georgia Tech,,P4,2,Coastal,#00223e,#002c56,http://a.espncdn.com/i/teamlogos/ncaa/500/59.png,http://a.espncdn.com/i/teamlogos/ncaa/500-dark/59.png
139931,Georgia Southern University,Georgia Southern,Georgia Southern University,Sun Belt,Eagles,GASO,,GASO,Ga Southern,,G5,3,,#003775,#f0f0f0,http://a.espncdn.com/i/teamlogos/ncaa/500/290.png,http://a.espncdn.com/i/teamlogos/ncaa/500-dark/290.png
139940,Georgia State University,Georgia State,Georgia State University,Sun Belt,Panthers,GAST,,GAST,Georgia State,,G5,3,,#1e539a,#ebebeb,http://a.espncdn.com/i/teamlogos/ncaa/500/2247.png,http://a.espncdn.com/i/teamlogos/ncaa/500-dark/2247.png
235316,Gonzaga University,Gonzaga,Gonzaga University,West Coast,Bulldogs,,,,Gonzaga,,,,,,,,
159009,Grambling State University,Grambling,Grambling State University,Southwestern,Tigers,GRAM,Grambling State,GRAM,Grambling,,,,,#ee8601,#ffd10a,http://a.espncdn.com/i/teamlogos/ncaa/500/2755.png,http://a.espncdn.com/i/teamlogos/ncaa/500-dark/2755.png
104717,Grand Canyon University,Grand Canyon,Grand Canyon University,Mountain West,,,,,,,,,,,,,
232265,Hampton University,Hampton,Hampton University,CAA,Pirates,HAMP,,HAMP,Hampton,,,,,#0067AC,,http://a.espncdn.com/i/teamlogos/ncaa/500/2261.png,http://a.espncdn.com/i/teamlogos/ncaa/500-dark/2261.png
166027,Harvard University,Harvard,Harvard University,Ivy,Crimson,HARV,,HARV,Harvard,,,,,#990000,#dbdbdb,http://a.espncdn.com/i/teamlogos/ncaa/500/108.png,http://a.espncdn.com/i/teamlogos/ncaa/500-dark/108.png
198695,High Point University,High Point,High Point University,Atlantic 10,,,,,,,,,,,,,
191649,Hofstra University,Hofstra,Hofstra University,CAA,Pride,HOF,,HOF,Hofstra,,,,,#27297c,#f6c934,http://a.espncdn.com/i/teamlogos/ncaa/500/2275.png,http://a.espncdn.com/i/teamlogos/ncaa/500-dark/2275.png
225399,Houston Christian University,Houston Christian,Houston Christian University,Southland,,,,,,,,,,,,,
131520,Howard University,Howard,Howard University,Mid-Eastern,Bison,HOW,,HOW,Howard,,,,,#9e0b0e,#6b818d,http://a.espncdn.com/i/teamlogos/ncaa/500/47.png,http://a.espncdn.com/i/teamlogos/ncaa/500-dark/47.png
142276,Idaho State University,Idaho State,Idaho State University,Big Sky,Bengals,IDST,,IDST,Idaho State,,,,,#ef8c00,#e9a126,http://a.espncdn.com/i/teamlogos/ncaa/500/304.png,http://a.espncdn.com/i/teamlogos/ncaa/500-dark/304.png
145813,Illinois State University,Illinois State,Illinois State University,Missouri Valley Football Conference,Redbirds,ILST,,ILST,Illinois State,,,,,#CE1126,#ffe716,http://a.espncdn.com/i/teamlogos/ncaa/500/2287.png,http://a.espncdn.com/i/teamlogos/ncaa/500-dark/2287.png
151324,Indiana State University,Indiana State,Indiana State University,Missouri Valley Football Conference,Sycamores,INST,,INST,Indiana State,,,,,#00669a,#f0f0f0,http://a.espncdn.com/i/teamlogos/ncaa/500/282.png,http://a.espncdn.com/i/teamlogos/ncaa/500-dark/282.png
151351,Indiana University-Bloomington,Indiana,Indiana University Bloomington,Big 10,Hoosiers,IND,,IND,Indiana,,P4,1,East,#7D110C,#eeedeb,http://a.espncdn.com/i/teamlogos/ncaa/500/84.png,http://a.espncdn.com/i/teamlogos/ncaa/500-dark/84.png
151111,Indiana University-Indianapolis,Indianapolis,Indiana University Indianapolis,Horizon League,Greyhounds,IND,,IND,Indianapolis,,,,,#000000,,http://a.espncdn.com/i/teamlogos/ncaa/500/2292.png,http://a.espncdn.com/i/teamlogos/ncaa/500-dark/2292.png
191931,Iona University,Iona,Iona University,Metro Atlantic,,,,,,,,,,,,,
153603,Iowa State University,Iowa State,Iowa State University of Science and Technology[N 6],Big 12,Cyclones,ISU,,ISU,Iowa State,,P4,2,,#660015,#830b2c,http://a.espncdn.com/i/teamlogos/ncaa/500/66.png,http://a.espncdn.com/i/teamlogos/ncaa/500-dark/66.png
175856,Jackson State University,Jackson State,Jackson State University,Southwestern,Tigers,JKST,,JKST,Jackson State,,,,,#123297,#b5b7ba,http://a.espncdn.com/i/teamlogos/ncaa/500/2296.png,http://a.espncdn.com/i/teamlogos/ncaa/500-dark/2296.png
101480,Jacksonville State University,Jacksonville State,Jacksonville State University,Conference USA,Gamecocks,JVST,,JVST,Jacksonville St,,,3,,#b50500,#b5b7ba,http://a.espncdn.com/i/teamlogos/ncaa/500/55.png,http://a.espncdn.com/i/teamlogos/ncaa/500-dark/55.png
134945,Jacksonville University,Jacksonville,Jacksonville University,Atlantic Sun,Dolphins,JAC,,JAC,Jacksonville,,,,,#00523e,,http://a.espncdn.com/i/teamlogos/ncaa/500/294.png,http://a.espncdn.com/i/teamlogos/ncaa/500-dark/294.png
232423,James Madison University,James Madison,James Madison University,Sun Belt,Dukes,JMU,,JMU,JMU,,G5,3,,#450084,#cbb778,http://a.espncdn.com/i/teamlogos/ncaa/500/256.png,http://a.espncdn.com/i/teamlogos/ncaa/500-dark/256.png
155399,Kansas State University,Kansas State,Kansas State University,Big 12,Wildcats,KSU,,KSU,Kansas State,,P4,2,,#633194,#e7d2ad,http://a.espncdn.com/i/teamlogos/ncaa/500/2306.png,http://a.espncdn.com/i/teamlogos/ncaa/500-dark/2306.png
486840,Kennesaw State University,Kennesaw State,Kennesaw State University,Conference USA,Owls,KENN,,KENN,Kennesaw St,,,3,,#000000,#fdbb30,http://a.espncdn.com/i/teamlogos/ncaa/500/338.png,http://a.espncdn.com/i/teamlogos/ncaa/500-dark/338.png
203517,Kent State University at Kent,Kent State,Kent State University,Mid-American,Golden Flashes,KENT,,KENT,Kent State,,G5,3,East,#002445,#f0b510,http://a.espncdn.com/i/teamlogos/ncaa/500/2309.png,http://a.espncdn.com/i/teamlogos/ncaa/500-dark/2309.png
213367,La Salle University,La Salle,La Salle University,Atlantic 10,,,,,,,,,,,,,
213385,Lafayette College,Lafayette,Lafayette College,Patriot League,Leopards,LAF,,LAF,Lafayette,,,,,#790000,#a59474,http://a.espncdn.com/i/teamlogos/ncaa/500/322.png,http://a.espncdn.com/i/teamlogos/ncaa/500-dark/322.png
226091,Lamar University,Lamar,Lamar University,Southland,Cardinals,LAM,,LAM,Lamar,,,,,#000000,#ebebeb,http://a.espncdn.com/i/teamlogos/ncaa/500/2320.png,http://a.espncdn.com/i/teamlogos/ncaa/500-dark/2320.png
213543,Lehigh University,Lehigh,Lehigh University,Patriot League,Mountain Hawks,LEH,,LEH,Lehigh,,,,,#6c2b2a,#b69e70,http://a.espncdn.com/i/teamlogos/ncaa/500/2329.png,http://a.espncdn.com/i/teamlogos/ncaa/500-dark/2329.png
243744,Stanford University,Stanford,Leland Stanford Junior University,ACC,Cardinal,STAN,,STAN,Stanford,,P4,2,North,#A80532,#ffffff,http://a.espncdn.com/i/teamlogos/ncaa/500/24.png,http://a.espncdn.com/i/teamlogos/ncaa/500-dark/24.png
232557,Liberty University,Liberty,Liberty University,Conference USA,Flames,LIB,,LIB,Liberty,,G5,3,,#071740,#a61f21,http://a.espncdn.com/i/teamlogos/ncaa/500/2335.png,http://a.espncdn.com/i/teamlogos/ncaa/500-dark/2335.png
177968,Lindenwood University,Lindenwood,Lindenwood University,OVC-Big South,Lions,LIN,,LIN,Lindenwood,,,,,#000000,,http://a.espncdn.com/i/teamlogos/ncaa/500/2815.png,http://a.espncdn.com/i/teamlogos/ncaa/500-dark/2815.png
219976,Lipscomb University,Lipscomb,Lipscomb University,Atlantic Sun,,,,,,,,,,,,,
192448,Long Island University,Long Island University,Long Island University,Northeast Conference,,LIUI,,,Long Island,,,,,,,,
232566,Longwood University,Longwood,Longwood University,Big South,,,,,,,,,,,,,
159391,Louisiana State University and Agricultural & Mechanical College,LSU,Louisiana State University and Agricultural and Mechanical College,SEC,Tigers,LSU,Louisiana State,LSU,LSU,,P4,1,West,#22005c,#461D7C,http://a.espncdn.com/i/teamlogos/ncaa/500/99.png,http://a.espncdn.com/i/teamlogos/ncaa/500-dark/99.png
159647,Louisiana Tech University,Louisiana Tech,Louisiana Tech University,Conference USA,Bulldogs,LT,,LT,LA Tech,,G5,3,West,#002d65,#d3313a,http://a.espncdn.com/i/teamlogos/ncaa/500/2348.png,http://a.espncdn.com/i/teamlogos/ncaa/500-dark/2348.png
117946,Loyola Marymount University,Loyola Marymount,Loyola Marymount University,West Coast,Lions,,,,Loyola Marymount,,,,,,,,
146719,Loyola University Chicago,Loyola (Chicago),Loyola University Chicago,Atlantic 10,,,,,,,,,,,,,
163046,Loyola University Maryland,Loyola (Baltimore),Loyola University Maryland,Patriot League,,,,,,,,,,,,,
192703,Manhattan University,Manhattan,Manhattan University,Metro Atlantic,Jaspers,,,,Manhattan,,,,,,,,
192819,Marist University,Marist,Marist College,Pioneer,Red Foxes,MRST,,MRST,Marist,,,,,#e53730,#f0f0f0,http://a.espncdn.com/i/teamlogos/ncaa/500/2368.png,http://a.espncdn.com/i/teamlogos/ncaa/500-dark/2368.png
239105,Marquette University,Marquette,Marquette University,Big East,Golden Eagles,,,,Marquette,,,,,,,,
237525,Marshall University,Marshall,Marshall University,Sun Belt,Thundering Herd,MRSH,,MRSH,Marshall,,G5,3,East,#186329,#be854c,http://a.espncdn.com/i/teamlogos/ncaa/500/276.png,http://a.espncdn.com/i/teamlogos/ncaa/500-dark/276.png
159717,McNeese State University,McNeese,McNeese State University,Southland,Cowboys,MCNS,,MCNS,McNeese,,,,,#00529C,,http://a.espncdn.com/i/teamlogos/ncaa/500/2377.png,http://a.espncdn.com/i/teamlogos/ncaa/500-dark/2377.png
140447,Mercer University,Mercer,Mercer University,Southern Conference,Bears,MER,,MER,Mercer,,,,,#ff7f29,#080808,http://a.espncdn.com/i/teamlogos/ncaa/500/2382.png,http://a.espncdn.com/i/teamlogos/ncaa/500-dark/2382.png
166850,Merrimack College,Merrimack,Merrimack College,Metro Atlantic,Warriors,MERM,,MERM,Merrimack,,,,,#000000,,http://a.espncdn.com/i/teamlogos/ncaa/500/2771.png,http://a.espncdn.com/i/teamlogos/ncaa/500-dark/2771.png
204024,Miami University-Oxford,Miami (OH),Miami University,Mid-American,RedHawks,M-OH,,M-OH,Miami (OH),,G5,3,East,#a4000c,#f0f0f0,http://a.espncdn.com/i/teamlogos/ncaa/500/193.png,http://a.espncdn.com/i/teamlogos/ncaa/500-dark/193.png
171100,Michigan State University,Michigan State,Michigan State University,Big 10,Spartans,MSU,,MSU,Michigan State,,P4,1,East,#18453B,#ffffff,http://a.espncdn.com/i/teamlogos/ncaa/500/127.png,http://a.espncdn.com/i/teamlogos/ncaa/500-dark/127.png
220978,Middle Tennessee State University,Middle Tennessee,Middle Tennessee State University,Conference USA,Blue Raiders,MTSU,Middle Tennessee State,MTSU,Mid Tennessee,,G5,3,East,#0079C2,#c3c5c8,http://a.espncdn.com/i/teamlogos/ncaa/500/2393.png,http://a.espncdn.com/i/teamlogos/ncaa/500-dark/2393.png
176080,Mississippi State University,Mississippi State,Mississippi State University,SEC,Bulldogs,MSST,,MSST,Miss St,,P4,1,West,#762123,#c8c8c8,http://a.espncdn.com/i/teamlogos/ncaa/500/344.png,http://a.espncdn.com/i/teamlogos/ncaa/500-dark/344.png
176044,Mississippi Valley State University,Mississippi Valley State,Mississippi Valley State University,Southwestern,Delta Devils,MVSU,,MVSU,Miss Valley St,,,,,#005328,#cf2d34,http://a.espncdn.com/i/teamlogos/ncaa/500/2400.png,http://a.espncdn.com/i/teamlogos/ncaa/500-dark/2400.png
179566,Missouri State University-Springfield,Missouri State,Missouri State University,Conference USA,Bears,MOST,,MOST,Missouri State,,,3,,#5F0000,#e8e8e8,http://a.espncdn.com/i/teamlogos/ncaa/500/2623.png,http://a.espncdn.com/i/teamlogos/ncaa/500-dark/2623.png
185572,Monmouth University,Monmouth,Monmouth University,CAA,Hawks,MONM,,MONM,Monmouth,,,,,#051844,,http://a.espncdn.com/i/teamlogos/ncaa/500/2405.png,http://a.espncdn.com/i/teamlogos/ncaa/500-dark/2405.png
180461,Montana State University,Montana State,Montana State University,Big Sky,Bobcats,MTST,,MTST,Montana State,,,,,#003875,#bf965c,http://a.espncdn.com/i/teamlogos/ncaa/500/147.png,http://a.espncdn.com/i/teamlogos/ncaa/500-dark/147.png
157386,Morehead State University,Morehead State,Morehead State University,Pioneer,Eagles,MORE,,MORE,Morehead State,,,,,#094FA3,#fed91a,http://a.espncdn.com/i/teamlogos/ncaa/500/2413.png,http://a.espncdn.com/i/teamlogos/ncaa/500-dark/2413.png
163453,Morgan State University,Morgan State,Morgan State University,Mid-Eastern,Bears,MORG,,MORG,Morgan State,,,,,#014786,#f47937,http://a.espncdn.com/i/teamlogos/ncaa/500/2415.png,http://a.espncdn.com/i/teamlogos/ncaa/500-dark/2415.png
119173,Mount Saint Mary's University,Mount St. Mary's,Mount Saint Mary's University,Metro Atlantic,,,,,,,,,,,,,
157401,Murray State University,Murray State,Murray State University,Missouri Valley Football Conference,Racers,MURR,,MURR,Murray State,,,,,#002148,#000e00,http://a.espncdn.com/i/teamlogos/ncaa/500/93.png,http://a.espncdn.com/i/teamlogos/ncaa/500-dark/93.png
185828,New Jersey Institute of Technology,New Jersey Institute of Technology,New Jersey Institute of Technology,America East,,,,,,,,,,#D22630,,https://sportslogohistory.com/wp-content/uploads/2020/02/njit_highlanders_2006-pres.png,
188030,New Mexico State University-Main Campus,New Mexico State,New Mexico State University,Conference USA,Aggies,NMSU,,NMSU,New Mexico St,,P4,3,,#891216,#000000,http://a.espncdn.com/i/teamlogos/ncaa/500/166.png,http://a.espncdn.com/i/teamlogos/ncaa/500-dark/166.png
193973,Niagara University,Niagara,Niagara University,Metro Atlantic,,NIAG,,,,,,,,,,,
159966,Nicholls State University,Nicholls,Nicholls State University,Southland,Colonels,NICH,,NICH,Nicholls,,,,,#C41230,#f0f0f0,http://a.espncdn.com/i/teamlogos/ncaa/500/2447.png,http://a.espncdn.com/i/teamlogos/ncaa/500-dark/2447.png
232937,Norfolk State University,Norfolk State,Norfolk State University,Mid-Eastern,Spartans,NSU,,NSU,Norfolk State,,,,,#046546,,http://a.espncdn.com/i/teamlogos/ncaa/500/2450.png,http://a.espncdn.com/i/teamlogos/ncaa/500-dark/2450.png
199102,North Carolina A & T State University,North Carolina A&T,North Carolina Agricultural and Technical State University,CAA,Aggies,NCAT,,NCAT,NC A&T,,,,,#0505aa,#004684,http://a.espncdn.com/i/teamlogos/ncaa/500/2448.png,http://a.espncdn.com/i/teamlogos/ncaa/500-dark/2448.png
199157,North Carolina Central University,North Carolina Central,North Carolina Central University,Mid-Eastern,Eagles,NCCU,,NCCU,NC Central,,,,,#880023,#c2c3c0,http://a.espncdn.com/i/teamlogos/ncaa/500/2428.png,http://a.espncdn.com/i/teamlogos/ncaa/500-dark/2428.png
199193,North Carolina State University at Raleigh,NC State,North Carolina State University,ACC,Wolfpack,NCST,North Carolina St.,NCST,NC State,,P4,2,Atlantic,#EF1216,#231f20,http://a.espncdn.com/i/teamlogos/ncaa/500/152.png,http://a.espncdn.com/i/teamlogos/ncaa/500-dark/152.png
200332,North Dakota State University-Main Campus,North Dakota State,North Dakota State University of Agriculture and Applied Sciences,Missouri Valley Football Conference,Bison,NDSU,,NDSU,North Dakota St,,,,,#01402A,#ffffff,http://a.espncdn.com/i/teamlogos/ncaa/500/2449.png,http://a.espncdn.com/i/teamlogos/ncaa/500-dark/2449.png
167358,Northeastern University,Northeastern,Northeastern University,CAA,,NEU,,,Northeastern,,,,,,,,
105330,Northern Arizona University,Northern Arizona,Northern Arizona University,Big Sky,Lumberjacks,NAU,,NAU,N Arizona,,,,,#003976,#1b3069,http://a.espncdn.com/i/teamlogos/ncaa/500/2464.png,http://a.espncdn.com/i/teamlogos/ncaa/500-dark/2464.png
147703,Northern Illinois University,Northern Illinois,Northern Illinois University,Mid-American,Huskies,NIU,,NIU,N Illinois,,G5,3,West,#F1122C,#cc0000,http://a.espncdn.com/i/teamlogos/ncaa/500/2459.png,http://a.espncdn.com/i/teamlogos/ncaa/500-dark/2459.png
157447,Northern Kentucky University,Northern Kentucky,Northern Kentucky University,Horizon League,,,,,,,,,,,,,
160038,Northwestern State University of Louisiana,Northwestern State,Northwestern State University of Louisiana,Southland,Demons,NWST,,NWST,Northwestern St,,,,,#492F91,#ed6118,http://a.espncdn.com/i/teamlogos/ncaa/500/2466.png,http://a.espncdn.com/i/teamlogos/ncaa/500-dark/2466.png
147767,Northwestern University,Northwestern,Northwestern University,Big 10,Wildcats,NW,,NW,Northwestern,,P4,1,West,#372286,#d6cac1,http://a.espncdn.com/i/teamlogos/ncaa/500/77.png,http://a.espncdn.com/i/teamlogos/ncaa/500-dark/77.png
171571,Oakland University,Oakland,Oakland University,Horizon League,,,,,,,,,,,,,
207388,Oklahoma State University-Main Campus,Oklahoma State,Oklahoma State University–Stillwater,Big 12,Cowboys,OKST,,OKST,Oklahoma State,,P4,2,,#FF6500,#ff9900,http://a.espncdn.com/i/teamlogos/ncaa/500/197.png,http://a.espncdn.com/i/teamlogos/ncaa/500-dark/197.png
232982,Old Dominion University,Old Dominion,Old Dominion University,Sun Belt,Monarchs,ODU,,ODU,Old Dominion,,G5,3,East,#00507d,#a1d2f1,http://a.espncdn.com/i/teamlogos/ncaa/500/295.png,http://a.espncdn.com/i/teamlogos/ncaa/500-dark/295.png
207582,Oral Roberts University,Oral Roberts,Oral Roberts University,Summit League,,,,,,,,,,,,,
209542,Oregon State University,Oregon State,Oregon State University,Pac-12,Beavers,ORST,,ORST,Oregon State,,G5,3,North,#c34500,#dea076,http://a.espncdn.com/i/teamlogos/ncaa/500/204.png,http://a.espncdn.com/i/teamlogos/ncaa/500-dark/204.png
121150,Pepperdine University,Pepperdine,Pepperdine University,West Coast,,,,,,,,,,,,,
209807,Portland State University,Portland State,Portland State University,Big Sky,Vikings,PRST,,PRST,Portland State,,,,,#00311e,#ebebeb,http://a.espncdn.com/i/teamlogos/ncaa/500/2502.png,http://a.espncdn.com/i/teamlogos/ncaa/500-dark/2502.png
227526,Prairie View A & M University,Prairie View A&M,Prairie View A&M University,Southwestern,Panthers,PVAM,,PVAM,PV A&M,,,,,#4d0960,,http://a.espncdn.com/i/teamlogos/ncaa/500/2504.png,http://a.espncdn.com/i/teamlogos/ncaa/500-dark/2504.png
218539,Presbyterian College,Presbyterian,Presbyterian College,Pioneer,Blue Hose,PRE,,PRE,Presbyterian,,,,,#194896,#990134,http://a.espncdn.com/i/teamlogos/ncaa/500/2506.png,http://a.espncdn.com/i/teamlogos/ncaa/500-dark/2506.png
186131,Princeton University,Princeton,Princeton University,Ivy,Tigers,PRIN,,PRIN,Princeton,,,,,#ff9408,#080808,http://a.espncdn.com/i/teamlogos/ncaa/500/163.png,http://a.espncdn.com/i/teamlogos/ncaa/500-dark/163.png
217402,Providence College,Providence,Providence College,Big East,,PROV,,,Providence,,,,,,,https://content.sportslogos.net/logos/33/808/full/providence_friars_logo_primary_2017_sportslogosnet-2487.png,
243780,Purdue University-Main Campus,Purdue,Purdue University,Big 10,Boilermakers,PUR,,PUR,Purdue,,P4,1,West,#B89D29,#a4a9ad,http://a.espncdn.com/i/teamlogos/ncaa/500/2509.png,http://a.espncdn.com/i/teamlogos/ncaa/500-dark/2509.png
151102,Purdue University Fort Wayne,Purdue Fort Wayne,Purdue University Fort Wayne,Horizon League,,,,,,,,,,,,,
199412,Queens University of Charlotte,Queens,Queens University of Charlotte,Atlantic Sun,,,,,,,,,,,,,
130226,Quinnipiac University,Quinnipiac,Quinnipiac University,Metro Atlantic,,QUINN,,,Quinnipiac,,,,,,,https://content.sportslogos.net/logos/33/810/full/quinnipiac_bobcats_logo_primary_20176082.png,
233277,Radford University,Radford,Radford University,Big South,,,,,,,,,,,,,
186283,Rider University,Rider,Rider University,Metro Atlantic,,,,,,,,,,,,,
215655,Robert Morris University,Robert Morris,Robert Morris University,Horizon League,,,,,,,,,,,,,
215655,Robert Morris University,Robert Morris,Robert Morris University,Horizon League,Colonials,RMU,,RMU,Robert Morris,,,,,#00214D,#a21d2b,http://a.espncdn.com/i/teamlogos/ncaa/500/2523.png,http://a.espncdn.com/i/teamlogos/ncaa/500-dark/2523.png
186380,Rutgers University-New Brunswick,Rutgers,Rutgers University–New Brunswick,Big 10,Scarlet Knights,RUTG,,RUTG,Rutgers,,P4,1,East,#d21034,#ffffff,http://a.espncdn.com/i/teamlogos/ncaa/500/164.png,http://a.espncdn.com/i/teamlogos/ncaa/500-dark/164.png
130253,Sacred Heart University,Sacred Heart,Sacred Heart University,CAA,Pioneers,SHU,,SHU,Sacred Heart,,,,,#a40012,#c29472,http://a.espncdn.com/i/teamlogos/ncaa/500/2529.png,http://a.espncdn.com/i/teamlogos/ncaa/500-dark/2529.png
195164,St Bonaventure University,St. Bonaventure,Saint Bonaventure University,Atlantic 10,,,,,,,,,,,,,
215743,Saint Francis University,St. Francis (Pennsylvania),Saint Francis University[C 6],Northeast Conference,,,,,,,,,,,,,
195809,St. John's University,St. Johns,Saint Johns University,Big East,,,,,,,,,,,,,
215770,Saint Joseph's University,St. Joseph's (Pennsylvania),Saint Joseph's University,Atlantic 10,,,,,,,,,,,,,
179159,Saint Louis University,St. Louis,Saint Louis University,Atlantic 10,,,,,,,,,,,,,
123554,Saint Mary's College of California,St. Mary's College,Saint Mary's College of California,West Coast,,,,,,,,,,,,,
186432,Saint Peter's University,St. Peter's,Saint Peter's University,Metro Atlantic,Peacocks,SPU,,SPU,St. Peter's,,,,,#001555,,http://a.espncdn.com/i/teamlogos/ncaa/500/2612.png,http://a.espncdn.com/i/teamlogos/ncaa/500-dark/2612.png
227881,Sam Houston State University,Sam Houston,Sam Houston State University,Conference USA,Bearkats,SHSU,,SHSU,Sam Houston,,,3,,#F78F1E,#f78e1e,http://a.espncdn.com/i/teamlogos/ncaa/500/2534.png,http://a.espncdn.com/i/teamlogos/ncaa/500-dark/2534.png
102049,Samford University,Samford,Samford University,Southern Conference,Bulldogs,SAM,,SAM,Samford,,,,,#005485,#bc0023,http://a.espncdn.com/i/teamlogos/ncaa/500/2535.png,http://a.espncdn.com/i/teamlogos/ncaa/500-dark/2535.png
122409,San Diego State University,San Diego State,San Diego State University,Mountain West,Aztecs,SDSU,,SDSU,San Diego State,,G5,3,West,#BF2C37,#a8996e,http://a.espncdn.com/i/teamlogos/ncaa/500/21.png,http://a.espncdn.com/i/teamlogos/ncaa/500-dark/21.png
122755,San Jose State University,San José State,San Jose State University,Mountain West,Spartans,SJSU,San Jose St.,SJSU,San Jose State,,G5,3,West,#005893,#fdba31,http://a.espncdn.com/i/teamlogos/ncaa/500/23.png,http://a.espncdn.com/i/teamlogos/ncaa/500-dark/23.png
122931,Santa Clara University,Santa Clara,Santa Clara University,West Coast,Broncos,SC,,SC,Santa Clara,,,,,,,,
236595,Seattle University,Seattle,Seattle University,West Coast,,,,,,,,,,,,,
186584,Seton Hall University,Seton Hall,Seton Hall University,Big East,,,,,,,,,,,,,
195474,Siena College,Siena,Siena College,Metro Atlantic,,,,,,,,,,,,,
218733,South Carolina State University,South Carolina State,South Carolina State University,Mid-Eastern,Bulldogs,SCST,,SCST,S Carolina St,,,,,#7d1315,#104897,http://a.espncdn.com/i/teamlogos/ncaa/500/2569.png,http://a.espncdn.com/i/teamlogos/ncaa/500-dark/2569.png
219356,South Dakota State University,South Dakota State,South Dakota State University,Missouri Valley Football Conference,Jackrabbits,SDSU,,SDSU,South Dakota St,,,,,#005DAB,#c33139,http://a.espncdn.com/i/teamlogos/ncaa/500/2571.png,http://a.espncdn.com/i/teamlogos/ncaa/500-dark/2571.png
179557,Southeast Missouri State University,Southeast Missouri State,Southeast Missouri State University,OVC-Big South,Redhawks,SEMO,,SEMO,SE Missouri St,,,,,#cc0000,#080808,http://a.espncdn.com/i/teamlogos/ncaa/500/2546.png,http://a.espncdn.com/i/teamlogos/ncaa/500-dark/2546.png
160612,Southeastern Louisiana University,SE Louisiana,Southeastern Louisiana University,Southland,Lions,SELA,,SELA,SE Louisiana,,,,,#007550,#dca008,http://a.espncdn.com/i/teamlogos/ncaa/500/2545.png,http://a.espncdn.com/i/teamlogos/ncaa/500-dark/2545.png
149222,Southern Illinois University-Carbondale,Southern Illinois,Southern Illinois University Carbondale,Missouri Valley Football Conference,Salukis,SIU,,SIU,S Illinois,,,,,#85283D,#c2c3c0,http://a.espncdn.com/i/teamlogos/ncaa/500/79.png,http://a.espncdn.com/i/teamlogos/ncaa/500-dark/79.png
149231,Southern Illinois University Edwardsville,Southern Illinois Edwards,Southern Illinois University Edwardsville,Ohio Valley,,,,,,,,,,,,,
228246,Southern Methodist University,SMU,Southern Methodist University,ACC,Mustangs,SMU,Southern Methodist,SMU,SMU,,P4,2,West,#E32F38,#ecdcb9,http://a.espncdn.com/i/teamlogos/ncaa/500/2567.png,http://a.espncdn.com/i/teamlogos/ncaa/500-dark/2567.png
160621,Southern University and A & M College,Southern University A&M,Southern University and A&M College,Southwestern,,,,,,,,,,,,,
230603,Southern Utah University,Southern Utah,Southern Utah University,Big Sky,Thunderbirds,SUU,,SUU,Southern Utah,,,,,#d10000,#c2c3c0,http://a.espncdn.com/i/teamlogos/ncaa/500/253.png,http://a.espncdn.com/i/teamlogos/ncaa/500-dark/253.png
153658,University of Iowa,Iowa,State University of Iowa,Big 10,Hawkeyes,IOWA,,IOWA,Iowa,,P4,1,West,#FFCD00,#ffe100,http://a.espncdn.com/i/teamlogos/ncaa/500/2294.png,http://a.espncdn.com/i/teamlogos/ncaa/500-dark/2294.png
196060,University at Albany,UAlbany,State University of New York at Albany[N 11],CAA,Great Danes,ALBY,,ALBY,Albany,,,,,#3D2777,#ffffff,http://a.espncdn.com/i/teamlogos/ncaa/500/399.png,http://a.espncdn.com/i/teamlogos/ncaa/500-dark/399.png
196079,Binghamton University,Binghamton,State University of New York at Binghamton[N 13],,,,,,,,,,,,,,
196088,University at Buffalo,Buffalo,State University of New York at Buffalo[N 14],Mid-American,Bulls,BUFF,,BUFF,Buffalo,,G5,3,East,#041A9B,#ebebeb,http://a.espncdn.com/i/teamlogos/ncaa/500/2084.png,http://a.espncdn.com/i/teamlogos/ncaa/500-dark/2084.png
196097,Stony Brook University,Stony Brook,State University of New York at Stony Brook[N 15],CAA,Seawolves,STON,,STON,Stony Brook,,,,,#990000,,http://a.espncdn.com/i/teamlogos/ncaa/500/2619.png,http://a.espncdn.com/i/teamlogos/ncaa/500-dark/2619.png
228431,Stephen F Austin State University,Stephen F. Austin,Stephen F. Austin State University[N 16],Southland,Lumberjacks,SFA,Stephen F Austin,SFA,SF Austin,,,,,#393996,#bec0c2,http://a.espncdn.com/i/teamlogos/ncaa/500/2617.png,http://a.espncdn.com/i/teamlogos/ncaa/500-dark/2617.png
137546,Stetson University,Stetson,Stetson University,Pioneer,Hatters,STET,,STET,Stetson,,,,,#18581c,#d49d5d,http://a.espncdn.com/i/teamlogos/ncaa/500/56.png,http://a.espncdn.com/i/teamlogos/ncaa/500-dark/56.png
167996,Stonehill College,Stonehill,Stonehill College,Northeast Conference,Chieftains,SBI,,SBI,Stonehill,,,,,#000000,,http://a.espncdn.com/i/teamlogos/ncaa/500/284.png,http://a.espncdn.com/i/teamlogos/ncaa/500-dark/284.png
196413,Syracuse University,Syracuse,Syracuse University,ACC,Orange,SYR,,SYR,Syracuse,,P4,2,Atlantic,#F37321,#0d1d37,http://a.espncdn.com/i/teamlogos/ncaa/500/183.png,http://a.espncdn.com/i/teamlogos/ncaa/500-dark/183.png
228529,Tarleton State University,Tarleton State,Tarleton State University,United,Texans,TAR,,TAR,Tarleton St,,,,,#000000,,http://a.espncdn.com/i/teamlogos/ncaa/500/2627.png,http://a.espncdn.com/i/teamlogos/ncaa/500-dark/2627.png
216339,Temple University,Temple,Temple University,American Athletic,Owls,TEM,,TEM,Temple,,G5,3,East,#A80532,#a7a9ac,http://a.espncdn.com/i/teamlogos/ncaa/500/218.png,http://a.espncdn.com/i/teamlogos/ncaa/500-dark/218.png
221838,Tennessee State University,Tennessee State,Tennessee State University,OVC-Big South,Tigers,TNST,,TNST,Tennessee St,,,,,#383C84,#f0f0f0,http://a.espncdn.com/i/teamlogos/ncaa/500/2634.png,http://a.espncdn.com/i/teamlogos/ncaa/500-dark/2634.png
221847,Tennessee Technological University,Tennessee Tech,Tennessee Technological University,Horizon League,Golden Eagles,TNTC,,TNTC,Tenn Tech,,,,,#5A4099,#ffde00,http://a.espncdn.com/i/teamlogos/ncaa/500/2635.png,http://a.espncdn.com/i/teamlogos/ncaa/500-dark/2635.png
228723,Texas A & M University-College Station,Texas A&M,Texas A&M University,SEC,Aggies,TA&M,,TA&M,Texas A&M,,P4,1,West,#5C0025,#ffffff,http://a.espncdn.com/i/teamlogos/ncaa/500/245.png,http://a.espncdn.com/i/teamlogos/ncaa/500-dark/245.png
224147,Texas A & M University-Corpus Christi,Texas A&M-Corpus Christi,Texas A&M University–Corpus Christi,Southland,,,,,,,,,,,,,
228875,Texas Christian University,TCU,Texas Christian University,Big 12,Horned Frogs,TCU,Texas Christian,TCU,TCU,,P4,2,,#3C377D,#f1f2f3,http://a.espncdn.com/i/teamlogos/ncaa/500/2628.png,http://a.espncdn.com/i/teamlogos/ncaa/500-dark/2628.png
229063,Texas Southern University,Texas Southern,Texas Southern University,Southwestern,Tigers,TXSO,,TXSO,Texas Southern,,,,,#6A0403,#ebebeb,http://a.espncdn.com/i/teamlogos/ncaa/500/2640.png,http://a.espncdn.com/i/teamlogos/ncaa/500-dark/2640.png
228459,Texas State University,Texas State,Texas State University,Sun Belt,Bobcats,TXST,,TXST,Texas State,,G5,3,,#4e1719,#b4975a,http://a.espncdn.com/i/teamlogos/ncaa/500/326.png,http://a.espncdn.com/i/teamlogos/ncaa/500-dark/326.png
229115,Texas Tech University,Texas Tech,Texas Tech University,Big 12,Red Raiders,TTU,,TTU,Texas Tech,,P4,2,,#C80025,#231f20,http://a.espncdn.com/i/teamlogos/ncaa/500/2641.png,http://a.espncdn.com/i/teamlogos/ncaa/500-dark/2641.png
217864,Citadel Military College of South Carolina,The Citadel,"The Citadel, The Military College of South Carolina[be]",Southern Conference,Bulldogs,CIT,,CIT,The Citadel,,,,,#002b5c,#f0f0f0,http://a.espncdn.com/i/teamlogos/ncaa/500/2643.png,http://a.espncdn.com/i/teamlogos/ncaa/500-dark/2643.png
231624,William & Mary,William & Mary,The College of William and Mary in Virginia,CAA,Tribe,W&M,,W&M,William & Mary,,,,,#103217,#f6b220,http://a.espncdn.com/i/teamlogos/ncaa/500/2729.png,http://a.espncdn.com/i/teamlogos/ncaa/500-dark/2729.png
131469,George Washington University,George Washington,The George Washington University,Atlantic 10,Colonials,,,,George Washington,,,,,,,,
204796,Ohio State University-Main Campus,Ohio State,The Ohio State University,Big 10,Buckeyes,OSU,,OSU,OSU,,P4,1,East,#DE3121,#666666,http://a.espncdn.com/i/teamlogos/ncaa/500/194.png,http://a.espncdn.com/i/teamlogos/ncaa/500-dark/194.png
204857,Ohio University-Main Campus,Ohio,The Ohio University,Mid-American,Bobcats,OHIO,,OHIO,Ohio,,G5,3,East,#295A29,#e4bb85,http://a.espncdn.com/i/teamlogos/ncaa/500/195.png,http://a.espncdn.com/i/teamlogos/ncaa/500-dark/195.png
214777,Pennsylvania State University-Main Campus,Penn State,The Pennsylvania State University,Big 10,Nittany Lions,PSU,,PSU,Penn State,,P4,1,East,#00265D,#002e5c,http://a.espncdn.com/i/teamlogos/ncaa/500/213.png,http://a.espncdn.com/i/teamlogos/ncaa/500-dark/213.png
200800,University of Akron Main Campus,Akron,The University of Akron,Mid-American,Zips,AKR,,AKR,Akron,,G5,3,East,#00285e,#84754e,http://a.espncdn.com/i/teamlogos/ncaa/500/2006.png,http://a.espncdn.com/i/teamlogos/ncaa/500-dark/2006.png
100751,The University of Alabama,Alabama,The University of Alabama,SEC,Crimson Tide,ALA,,ALA,Alabama,,P4,1,West,#690014,#f1f2f3,http://a.espncdn.com/i/teamlogos/ncaa/500/333.png,http://a.espncdn.com/i/teamlogos/ncaa/500-dark/333.png
176017,University of Mississippi,Ole Miss,The University of Mississippi,SEC,Rebels,MISS,,MISS,Ole Miss,,P4,1,West,#001148,#00205b,http://a.espncdn.com/i/teamlogos/ncaa/500/145.png,http://a.espncdn.com/i/teamlogos/ncaa/500-dark/145.png
187985,University of New Mexico-Main Campus,New Mexico,The University of New Mexico,Mountain West,Lobos,UNM,,UNM,New Mexico,,G5,3,Mountain,#ba0c2f,#a7a8aa,http://a.espncdn.com/i/teamlogos/ncaa/500/167.png,http://a.espncdn.com/i/teamlogos/ncaa/500-dark/167.png
221740,The University of Tennessee-Chattanooga,Chattanooga,The University of Tennessee at Chattanooga,Southern Conference,Mocs,CHAT,,CHAT,Chattanooga,,,,,#00386b,#dca71d,http://a.espncdn.com/i/teamlogos/ncaa/500/236.png,http://a.espncdn.com/i/teamlogos/ncaa/500-dark/236.png
221768,The University of Tennessee-Martin,UT Martin,The University of Tennessee at Martin,OVC-Big South,Skyhawks,UTM,,UTM,UT Martin,,,,,#FF6700,#102a5c,http://a.espncdn.com/i/teamlogos/ncaa/500/2630.png,http://a.espncdn.com/i/teamlogos/ncaa/500-dark/2630.png
221759,The University of Tennessee-Knoxville,Tennessee,"The University of Tennessee, Knoxville",SEC,Volunteers,TENN,,TENN,Tennessee,,P4,1,East,#EE9627,#ffffff,http://a.espncdn.com/i/teamlogos/ncaa/500/2633.png,http://a.espncdn.com/i/teamlogos/ncaa/500-dark/2633.png
228769,The University of Texas at Arlington,Texas-Arlington,The University of Texas at Arlington,Southland,Mavericks,,,,Texas-Arlington,,,,,,,,
228778,The University of Texas at Austin,Texas,The University of Texas at Austin,SEC,Longhorns,TEX,,TEX,Texas,,P4,1,,#EE7524,#f0f0f0,http://a.espncdn.com/i/teamlogos/ncaa/500/251.png,http://a.espncdn.com/i/teamlogos/ncaa/500-dark/251.png
228796,The University of Texas at El Paso,UTEP,The University of Texas at El Paso,Conference USA,Miners,UTEP,Texas-El Paso,UTEP,UTEP,,G5,3,West,#002843,#ff6f12,http://a.espncdn.com/i/teamlogos/ncaa/500/2638.png,http://a.espncdn.com/i/teamlogos/ncaa/500-dark/2638.png
229027,The University of Texas at San Antonio,UTSA,The University of Texas at San Antonio,American Athletic,Roadrunners,UTSA,Texas-San Antonio,UTSA,UTSA,,G5,3,West,#002A5C,#f47321,http://a.espncdn.com/i/teamlogos/ncaa/500/2636.png,http://a.espncdn.com/i/teamlogos/ncaa/500-dark/2636.png
227368,The University of Texas Rio Grande Valley,UT Rio Grande Valley,UT Rio Grande Valley,Southland,,,,,,,,,,,,,
207971,University of Tulsa,Tulsa,The University of Tulsa,American Athletic,Golden Hurricane,TLSA,,TLSA,Tulsa,,G5,3,West,#004371,#ee3b33,http://a.espncdn.com/i/teamlogos/ncaa/500/202.png,http://a.espncdn.com/i/teamlogos/ncaa/500-dark/202.png
231174,University of Vermont,Vermont,The University of Vermont and State Agricultural College,America East,Catamounts,VT,,,Vermont,,,,,#154734,,https://1000logos.net/wp-content/uploads/2021/07/Vermont-Catamounts-logo-500x281.png,
164076,Towson University,Towson,Towson University,CAA,Tigers,TOWS,,TOWS,Towson,,,,,#FFC229,,http://a.espncdn.com/i/teamlogos/ncaa/500/119.png,http://a.espncdn.com/i/teamlogos/ncaa/500-dark/119.png
102368,Troy University,Troy,Troy University,Sun Belt,Trojans,TROY,,TROY,Troy,,G5,3,,#AE0210,#88898c,http://a.espncdn.com/i/teamlogos/ncaa/500/2653.png,http://a.espncdn.com/i/teamlogos/ncaa/500-dark/2653.png
160755,Tulane University of Louisiana,Tulane,Tulane University of Louisiana,American Athletic,Green Wave,TULN,,TULN,Tulane,,G5,3,West,#005837,#3baf29,http://a.espncdn.com/i/teamlogos/ncaa/500/2655.png,http://a.espncdn.com/i/teamlogos/ncaa/500-dark/2655.png
128328,United States Airforce Academy,Air Force,United States Air Force Academy,Mountain West,Falcons,AFA,,AFA,Air Force,,G5,3,Mountain,#004a7b,#ffffff,http://a.espncdn.com/i/teamlogos/ncaa/500/2005.png,http://a.espncdn.com/i/teamlogos/ncaa/500-dark/2005.png
197036,United State Military Academy,Army,United States Military Academy,American Athletic,Black Knights,ARMY,,ARMY,Army,,P4,2,,#ce9c00,#231f20,http://a.espncdn.com/i/teamlogos/ncaa/500/349.png,http://a.espncdn.com/i/teamlogos/ncaa/500-dark/349.png
164155,"	United States Naval Academy",Navy,United States Naval Academy,American Athletic,Midshipmen,NAVY,,NAVY,Navy,,G5,3,West,#131630,#b6a77c,http://a.espncdn.com/i/teamlogos/ncaa/500/2426.png,http://a.espncdn.com/i/teamlogos/ncaa/500-dark/2426.png
100663,University of Alabama at Birmingham,UAB,University of Alabama at Birmingham,American Athletic,Blazers,UAB,Alabama-Birmingham,UAB,UAB,,G5,3,West,#003b28,#ffc845,http://a.espncdn.com/i/teamlogos/ncaa/500/5.png,http://a.espncdn.com/i/teamlogos/ncaa/500-dark/5.png
104179,University of Arizona,Arizona,University of Arizona,Big 12,Wildcats,ARIZ,,ARIZ,Arizona,,P4,2,South,#002449,#00205b,http://a.espncdn.com/i/teamlogos/ncaa/500/12.png,http://a.espncdn.com/i/teamlogos/ncaa/500-dark/12.png
106397,University of Arkansas,Arkansas,University of Arkansas,SEC,Razorbacks,ARK,,ARK,Arkansas,,P4,1,West,#9c1831,#000000,http://a.espncdn.com/i/teamlogos/ncaa/500/8.png,http://a.espncdn.com/i/teamlogos/ncaa/500-dark/8.png
106245,University of Arkansas at Little Rock,Arkansas-Little Rock,University of Arkansas at Little Rock,Ohio Valley,,,,,,,,,,,,,
106412,University of Arkansas at Pine Bluff,Arkansas-Pine Bluff,University of Arkansas at Pine Bluff,Southwestern,Golden Lions,UAPB,,UAPB,AR-Pine Bluff,,,,,#e0aa0f,#eaaa00,http://a.espncdn.com/i/teamlogos/ncaa/500/2029.png,http://a.espncdn.com/i/teamlogos/ncaa/500-dark/2029.png
110635,University of California-Berkeley,California,"University of California, Berkeley",ACC,Golden Bears,CAL,,CAL,Cal,,P4,2,North,#031522,#ffc423,http://a.espncdn.com/i/teamlogos/ncaa/500/25.png,http://a.espncdn.com/i/teamlogos/ncaa/500-dark/25.png
110644,University of California-Davis,UC Davis,"University of California, Davis",Big West,Aggies,UCD,California-Davis,UCD,UC Davis,,,,,#183563,#bc9305,http://a.espncdn.com/i/teamlogos/ncaa/500/302.png,http://a.espncdn.com/i/teamlogos/ncaa/500-dark/302.png
110653,University of California-Irvine,UC Irvine,"University of California, Irvine",Big West,,,,,,,,,,#0C2340,,https://content.sportslogos.net/logos/30/880/full/2361_california-irvine_anteaters-primary-2014.png,
110662,University of California-Los Angeles,UCLA,"University of California, Los Angeles",Big 10,Bruins,UCLA,,UCLA,UCLA,,P4,1,South,#005C8E,#ffc72c,http://a.espncdn.com/i/teamlogos/ncaa/500/26.png,http://a.espncdn.com/i/teamlogos/ncaa/500-dark/26.png
110671,University of California-Riverside,California-Riverside,"University of California, Riverside",Big West,,,,,,,,,,,,,
110680,University of California-San Diego,Cal-San Diego,"University of California, San Diego",Big West,Toreros,USD,,USD,San Diego,,,,,#2f99d4,#2f99d4,http://a.espncdn.com/i/teamlogos/ncaa/500/301.png,http://a.espncdn.com/i/teamlogos/ncaa/500-dark/301.png
110705,University of California-Santa Barbara,California-Santa Barbara,"University of California, Santa Barbara",Big West,Gauchos,UCSB,,UCSB,California-Santa Barbara,,,,,#003660,,https://content.sportslogos.net/logos/35/883/full/ucsb_gauchos_logo_primary_20097166.png,
106704,University of Central Arkansas,Central Arkansas,University of Central Arkansas,United,Bears,UCA,,UCA,Cent Arkansas,,,,,#a7a9ac,#8e959a,http://a.espncdn.com/i/teamlogos/ncaa/500/2110.png,http://a.espncdn.com/i/teamlogos/ncaa/500-dark/2110.png
132903,University of Central Florida,UCF,University of Central Florida,Big 12,Knights,UCF,Central Florida,UCF,UCF,,P4,2,East,#000000,#231f20,http://a.espncdn.com/i/teamlogos/ncaa/500/2116.png,http://a.espncdn.com/i/teamlogos/ncaa/500-dark/2116.png
201885,University of Cincinnati-Main Campus,Cincinnati,University of Cincinnati,Big 12,Bearcats,CIN,,CIN,Cincinnati,,P4,2,East,#000000,#717073,http://a.espncdn.com/i/teamlogos/ncaa/500/2132.png,http://a.espncdn.com/i/teamlogos/ncaa/500-dark/2132.png
126614,University of Colorado Boulder,Colorado,University of Colorado Boulder,Big 12,Buffaloes,COLO,,COLO,Colorado,,P4,2,South,#d1c57e,#ffd200,http://a.espncdn.com/i/teamlogos/ncaa/500/38.png,http://a.espncdn.com/i/teamlogos/ncaa/500-dark/38.png
129020,University of Connecticut,UConn,University of Connecticut,FBS Independent,Huskies,CONN,,CONN,UConn,,P4,3,East,#001d40,#f1f2f3,http://a.espncdn.com/i/teamlogos/ncaa/500/41.png,http://a.espncdn.com/i/teamlogos/ncaa/500-dark/41.png
202480,University of Dayton,Dayton,University of Dayton,Atlantic 10,Flyers,DAY,,DAY,Dayton,,,,,#004B8D,#ffffff,http://a.espncdn.com/i/teamlogos/ncaa/500/2168.png,http://a.espncdn.com/i/teamlogos/ncaa/500-dark/2168.png
130943,University of Delaware,Delaware,University of Delaware,Conference USA,Blue Hens,DEL,,DEL,Delaware,,,3,,#033594,#e8ce31,http://a.espncdn.com/i/teamlogos/ncaa/500/48.png,http://a.espncdn.com/i/teamlogos/ncaa/500-dark/48.png
127060,University of Denver,Denver,University of Denver,Summit League,Pioneers,DU,,DU,Denver,,,,,,,https://content.sportslogos.net/logos/31/659/full/denver_pioneers_logo_primary_2022_sportslogosnet-9520.png,
169716,University of Detroit Mercy,Detroit Mercy,University of Detroit Mercy,Horizon League,Titans,,,,Detroit Mercy,,,,,,,,
150534,University of Evansville,Evansville,University of Evansville,Missouri Valley,,,,,,,,,,,,,
134130,University of Florida,Florida,University of Florida,SEC,Gators,FLA,,FLA,Florida,,P4,1,East,#0021A5,#0021a5,http://a.espncdn.com/i/teamlogos/ncaa/500/57.png,http://a.espncdn.com/i/teamlogos/ncaa/500-dark/57.png
139959,University of Georgia,Georgia,University of Georgia,SEC,Bulldogs,UGA,,UGA,Georgia,,P4,1,East,#CC0000,#000000,http://a.espncdn.com/i/teamlogos/ncaa/500/61.png,http://a.espncdn.com/i/teamlogos/ncaa/500-dark/61.png
141574,University of Hawaii at Manoa,Hawai'i,University of Hawaiʻi at Mānoa,Mountain West,Rainbow Warriors,HAW,,HAW,Hawai'i,,G5,3,West,#003420,#ffffff,http://a.espncdn.com/i/teamlogos/ncaa/500/62.png,http://a.espncdn.com/i/teamlogos/ncaa/500-dark/62.png
225511,University of Houston,Houston,University of Houston,Big 12,Cougars,HOU,,HOU,Houston,,P4,2,West,#C90822,#231f20,http://a.espncdn.com/i/teamlogos/ncaa/500/248.png,http://a.espncdn.com/i/teamlogos/ncaa/500-dark/248.png
142285,University of Idaho,Idaho,University of Idaho,Big Sky,Vandals,IDHO,,IDHO,Idaho,,,,,#000000,#8c6e4a,http://a.espncdn.com/i/teamlogos/ncaa/500/70.png,http://a.espncdn.com/i/teamlogos/ncaa/500-dark/70.png
145600,University of Illinois Chicago,University of Illinois Chicago,University of Illinois Chicago,Missouri Valley,,,,,,,,,,,,https://content.sportslogos.net/logos/32/708/full/illinois-chicago_flames_logo_primary_2020_sportslogosnet-4770.png,
145637,University of Illinois Urbana-Champaign,Illinois,University of Illinois Urbana-Champaign,Big 10,Fighting Illini,ILL,,ILL,Illinois,,P4,1,West,#f77329,#fa6300,http://a.espncdn.com/i/teamlogos/ncaa/500/356.png,http://a.espncdn.com/i/teamlogos/ncaa/500-dark/356.png
155317,University of Kansas,Kansas,University of Kansas,Big 12,Jayhawks,KU,,KU,Kansas,,P4,2,,#0022B4,#e8000d,http://a.espncdn.com/i/teamlogos/ncaa/500/2305.png,http://a.espncdn.com/i/teamlogos/ncaa/500-dark/2305.png
157085,University of Kentucky,Kentucky,University of Kentucky,SEC,Wildcats,UK,,UK,Kentucky,,P4,1,East,#005DAA,#ffffff,http://a.espncdn.com/i/teamlogos/ncaa/500/96.png,http://a.espncdn.com/i/teamlogos/ncaa/500-dark/96.png
160658,University of Louisiana at Lafayette,Louisiana,University of Louisiana at Lafayette,Sun Belt,Ragin' Cajuns,ULL,UL Lafayette,ULL,Louisiana,,G5,3,,#ce2842,,http://a.espncdn.com/i/teamlogos/ncaa/500/309.png,http://a.espncdn.com/i/teamlogos/ncaa/500-dark/309.png
159993,University of Louisiana at Monroe,UL Monroe,University of Louisiana at Monroe,Sun Belt,Warhawks,ULM,La.-Monroe,ULM,UL Monroe,,G5,3,,#231F20,#b18445,http://a.espncdn.com/i/teamlogos/ncaa/500/2433.png,http://a.espncdn.com/i/teamlogos/ncaa/500-dark/2433.png
157289,University of Louisville,Louisville,University of Louisville,ACC,Cardinals,LOU,,LOU,Louisville,,P4,2,Atlantic,#ad000a,#cccccc,http://a.espncdn.com/i/teamlogos/ncaa/500/97.png,http://a.espncdn.com/i/teamlogos/ncaa/500-dark/97.png
161253,University of Maine,Maine,University of Maine,CAA,Black Bears,MAINE,,MAINE,Maine,,,,,#127dbe,,http://a.espncdn.com/i/teamlogos/ncaa/500/311.png,http://a.espncdn.com/i/teamlogos/ncaa/500-dark/311.png
163338,University of Maryland Eastern Shore,University of Maryland Eastern Shore,University of Maryland Eastern Shore,Mid-Eastern,,,,,,,,,,,,https://content.sportslogos.net/logos/32/744/full/maryland-eastern_shore_hawks_logo_primary_2022_sportslogosnet-1938.png,
163268,University of Maryland-Baltimore County,Maryland-Baltimore,"University of Maryland, Baltimore County",America East,,,,,,,,,,,,,
163286,University of Maryland-College Park,Maryland,"University of Maryland, College Park",Big 10,Terrapins,MD,,MD,Maryland,,P4,1,East,#D5002B,#ffcd00,http://a.espncdn.com/i/teamlogos/ncaa/500/120.png,http://a.espncdn.com/i/teamlogos/ncaa/500-dark/120.png
166629,University of Massachusetts-Amherst,Massachusetts,University of Massachusetts Amherst,Mid-American,Minutemen,UMASS,,UMASS,UMass,,G5,3,,#880007,,http://a.espncdn.com/i/teamlogos/ncaa/500/113.png,http://a.espncdn.com/i/teamlogos/ncaa/500-dark/113.png
166513,University of Massachusetts-Lowell,UMass Lowell,University of Massachusetts Lowell,America East,River Hawks,UML,,UML,UMass Lowell,,,,,#000000,#cf1f2f,http://a.espncdn.com/i/teamlogos/ncaa/500/2349.png,http://a.espncdn.com/i/teamlogos/ncaa/500-dark/2349.png
220862,University of Memphis,Memphis,University of Memphis,American Athletic,Tigers,MEM,,MEM,Memphis,,G5,3,West,#002447,#231f20,http://a.espncdn.com/i/teamlogos/ncaa/500/235.png,http://a.espncdn.com/i/teamlogos/ncaa/500-dark/235.png
135726,University of Miami,Miami,University of Miami,ACC,Hurricanes,MIAMI,Miami (FL),MIAMI,Miami,,P4,2,Coastal,#004325,#f0f0f0,http://a.espncdn.com/i/teamlogos/ncaa/500/2390.png,http://a.espncdn.com/i/teamlogos/ncaa/500-dark/2390.png
170976,University of Michigan-Ann Arbor,Michigan,University of Michigan,Big 10,Wolverines,MICH,,MICH,Michigan,,P4,1,East,#00274c,#ffcb05,http://a.espncdn.com/i/teamlogos/ncaa/500/130.png,http://a.espncdn.com/i/teamlogos/ncaa/500-dark/130.png
174066,University of Minnesota-Twin Cities,Minnesota,University of Minnesota,Big 10,Golden Gophers,MINN,,MINN,Minnesota,,P4,1,West,#7F011B,#7a0019,http://a.espncdn.com/i/teamlogos/ncaa/500/135.png,http://a.espncdn.com/i/teamlogos/ncaa/500-dark/135.png
178402,University of Missouri-Kansas City,Missouri-Kansas City,University of Missouri-Kansas City,Summit League,,,,,,,,,,,,,
178396,University of Missouri-Columbia,Missouri,University of Missouri–Columbia[N 22],SEC,Tigers,MIZ,,MIZ,Missouri,,P4,1,East,#000000,#000000,http://a.espncdn.com/i/teamlogos/ncaa/500/142.png,http://a.espncdn.com/i/teamlogos/ncaa/500-dark/142.png
180489,The University of Montana,Montana,University of Montana,Big Sky,Grizzlies,MONT,,MONT,Montana,,,,,#751D4A,#666666,http://a.espncdn.com/i/teamlogos/ncaa/500/149.png,http://a.espncdn.com/i/teamlogos/ncaa/500-dark/149.png
181394,University of Nebraska at Omaha,Nebraska-Omaha,University of Nebraska Omaha,Summit League,Mavericks,UNO,,UNO,Omaha,,,,,#e3193e,,http://a.espncdn.com/i/teamlogos/ncaa/500/2437.png,http://a.espncdn.com/i/teamlogos/ncaa/500-dark/2437.png
181464,University of Nebraska-Lincoln,Nebraska,University of Nebraska–Lincoln,Big 10,Cornhuskers,NEB,,NEB,Nebraska,,P4,1,West,#F20017,#f5f1e7,http://a.espncdn.com/i/teamlogos/ncaa/500/158.png,http://a.espncdn.com/i/teamlogos/ncaa/500-dark/158.png
182281,University of Nevada-Las Vegas,UNLV,"University of Nevada, Las Vegas",Mountain West,Rebels,UNLV,Nevada-Las Vegas,UNLV,UNLV,,G5,3,West,#B10202,#c2c4c6,http://a.espncdn.com/i/teamlogos/ncaa/500/2439.png,http://a.espncdn.com/i/teamlogos/ncaa/500-dark/2439.png
182290,University of Nevada-Reno,Nevada,"University of Nevada, Reno",Mountain West,Wolf Pack,NEV,,NEV,Nevada,,G5,3,West,#153E5F,#8e9295,http://a.espncdn.com/i/teamlogos/ncaa/500/2440.png,http://a.espncdn.com/i/teamlogos/ncaa/500-dark/2440.png
183044,University of New Hampshire-Main Campus,New Hampshire,University of New Hampshire,CAA,Wildcats,UNH,,UNH,UNH,,,,,#004990,#c3c4c6,http://a.espncdn.com/i/teamlogos/ncaa/500/160.png,http://a.espncdn.com/i/teamlogos/ncaa/500-dark/160.png
159939,University of New Orleans,New Orleans,University of New Orleans,Southland,,,,,,,,,,,,,
101879,University of North Alabama,North Alabama,University of North Alabama,United,Lions,NOR,,NOR,North Alabama,,,,,#000000,,http://a.espncdn.com/i/teamlogos/ncaa/500/2453.png,http://a.espncdn.com/i/teamlogos/ncaa/500-dark/2453.png
199111,University of North Carolina Asheville,UNC-Asheville,University of North Carolina at Asheville,Big South,,,,,,,,,,,,,
199120,University of North Carolina at Chapel Hill,North Carolina,University of North Carolina at Chapel Hill,ACC,Tar Heels,UNC,,UNC,UNC,,P4,2,Coastal,#99bfe5,#13294b,http://a.espncdn.com/i/teamlogos/ncaa/500/153.png,http://a.espncdn.com/i/teamlogos/ncaa/500-dark/153.png
199139,University of North Carolina at Charlotte,Charlotte,University of North Carolina at Charlotte,American Athletic,49ers,CHAR,,CHAR,Charlotte,,G5,3,East,#0C562D,#cfab7a,http://a.espncdn.com/i/teamlogos/ncaa/500/2429.png,http://a.espncdn.com/i/teamlogos/ncaa/500-dark/2429.png
199148,University of North Carolina at Greensboro,Greensboro,University of North Carolina at Greensboro,Southern Conference,Pride,GRN,,GRN,Greensboro,,,,,#000000,,http://a.espncdn.com/i/teamlogos/ncaa/500/2256.png,http://a.espncdn.com/i/teamlogos/ncaa/500-dark/2256.png
199218,University of North Carolina Wilmington,Wilmington,University of North Carolina at Wilmington,CAA,,,,,,,,,,#008350,,https://content.sportslogos.net/logos/33/780/full/nc-wilmington_seahawks_logo_primary_20154692.png,
200280,University of North Dakota,North Dakota,University of North Dakota,Summit League,Fighting Hawks,UND,,UND,North Dakota,,,,,#00A26B,#c2c3c0,http://a.espncdn.com/i/teamlogos/ncaa/500/155.png,http://a.espncdn.com/i/teamlogos/ncaa/500-dark/155.png
136172,University of North Florida,North Florida,University of North Florida,Atlantic Sun,,,,,,,,,,,,,
227216,University of North Texas,North Texas,University of North Texas,American Athletic,Mean Green,UNT,,UNT,North Texas,,G5,3,West,#00853D,#000000,http://a.espncdn.com/i/teamlogos/ncaa/500/249.png,http://a.espncdn.com/i/teamlogos/ncaa/500-dark/249.png
127741,University of Northern Colorado,Northern Colorado,University of Northern Colorado,Big Sky,Bears,UNCO,,UNCO,N Colorado,,,,,#13558D,#ffc533,http://a.espncdn.com/i/teamlogos/ncaa/500/2458.png,http://a.espncdn.com/i/teamlogos/ncaa/500-dark/2458.png
154095,University of Northern Iowa,Northern Iowa,University of Northern Iowa,Missouri Valley Football Conference,Panthers,UNI,,UNI,Northern Iowa,,,,,#473282,#ffffff,http://a.espncdn.com/i/teamlogos/ncaa/500/2460.png,http://a.espncdn.com/i/teamlogos/ncaa/500-dark/2460.png
152080,University of Notre Dame,Notre Dame,University of Notre Dame du Lac,FBS Independent,Fighting Irish,ND,,ND,Notre Dame,,P4,1,,#00122b,#ae9142,http://a.espncdn.com/i/teamlogos/ncaa/500/87.png,http://a.espncdn.com/i/teamlogos/ncaa/500-dark/87.png
207500,University of Oklahoma-Norman Campus,Oklahoma,University of Oklahoma,SEC,Sooners,OKLA,,OKLA,Oklahoma,,P4,1,,#7b0000,#cccccc,http://a.espncdn.com/i/teamlogos/ncaa/500/201.png,http://a.espncdn.com/i/teamlogos/ncaa/500-dark/201.png
209551,University of Oregon,Oregon,University of Oregon,Big 10,Ducks,ORE,,ORE,Oregon,,P4,1,North,#044520,#fee123,http://a.espncdn.com/i/teamlogos/ncaa/500/2483.png,http://a.espncdn.com/i/teamlogos/ncaa/500-dark/2483.png
215062,University of Pennsylvania,Pennsylvania,University of Pennsylvania,Ivy,Quakers,PENN,,PENN,Penn,,,,,#082A74,#a6163d,http://a.espncdn.com/i/teamlogos/ncaa/500/219.png,http://a.espncdn.com/i/teamlogos/ncaa/500-dark/219.png
215293,University of Pittsburgh-Pittsburgh Campus,Pittsburgh,University of Pittsburgh,ACC,Panthers,PITT,Pitt,PITT,Pitt,,P4,2,Coastal,#003263,#231f20,http://a.espncdn.com/i/teamlogos/ncaa/500/221.png,http://a.espncdn.com/i/teamlogos/ncaa/500-dark/221.png
209825,University of Portland,Portland,University of Portland,West Coast,Pilots,,,,Portland,,,,,,,,
217484,University of Rhode Island,Rhode Island,University of Rhode Island,Atlantic 10,Rams,URI,,URI,URI,,,,,#3691C6,#5ab3e8,http://a.espncdn.com/i/teamlogos/ncaa/500/227.png,http://a.espncdn.com/i/teamlogos/ncaa/500-dark/227.png
233374,University of Richmond,Richmond,University of Richmond,Patriot League,Spiders,RICH,,RICH,Richmond,,,,,#9e0712,#b90b2e,http://a.espncdn.com/i/teamlogos/ncaa/500/257.png,http://a.espncdn.com/i/teamlogos/ncaa/500-dark/257.png
174914,University of St. Thomas,Saint Thomas,University of Saint Thomas,Pioneer,,,,,,CCHA,,,,,,,
122436,University of San Diego,San Diego,University of San Diego,West Coast,,,,,,,,,,,,,
122612,University of San Francisco,San Francisco,University of San Francisco,West Coast,Dons,SF,,SF,San Francisco,,,,,,,,
102094,University of South Alabama,South Alabama,University of South Alabama,Sun Belt,Jaguars,USA,,USA,South Alabama,,G5,3,,#003E7E,,http://a.espncdn.com/i/teamlogos/ncaa/500/6.png,http://a.espncdn.com/i/teamlogos/ncaa/500-dark/6.png
218663,University of South Carolina-Columbia,South Carolina,University of South Carolina,SEC,Gamecocks,SC,,SC,South Carolina,,P4,1,East,#670010,#000000,http://a.espncdn.com/i/teamlogos/ncaa/500/2579.png,http://a.espncdn.com/i/teamlogos/ncaa/500-dark/2579.png
218742,University of South Carolina-Upstate,South Carolina Upstate,University of South Carolina Upstate,Big South,,,,,,,,,,,,,
219471,University of South Dakota,South Dakota,University of South Dakota,Missouri Valley Football Conference,Coyotes,SDAK,,SDAK,South Dakota,,,,,#CD1241,#f0f0f0,http://a.espncdn.com/i/teamlogos/ncaa/500/233.png,http://a.espncdn.com/i/teamlogos/ncaa/500-dark/233.png
137351,University of South Florida,South Florida,University of South Florida,American Athletic,Bulls,USF,,USF,USF,,G5,3,East,#004A36,#231f20,http://a.espncdn.com/i/teamlogos/ncaa/500/58.png,http://a.espncdn.com/i/teamlogos/ncaa/500-dark/58.png
123961,University of Southern California,USC,University of Southern California,Big 10,Trojans,USC,,USC,USC,,P4,1,South,#AE2531,#ffc72c,http://a.espncdn.com/i/teamlogos/ncaa/500/30.png,http://a.espncdn.com/i/teamlogos/ncaa/500-dark/30.png
151306,University of Southern Indiana,Southern Indiana,University of Southern Indiana,Horizon League,,,,,,,,,,,,,
176372,University of Southern Mississippi,Southern Miss,University of Southern Mississippi,Sun Belt,Golden Eagles,USM,,USM,Southern Miss,,G5,3,West,#FFAA3C,#ffc423,http://a.espncdn.com/i/teamlogos/ncaa/500/2572.png,http://a.espncdn.com/i/teamlogos/ncaa/500-dark/2572.png
225627,University of the Incarnate Word,Incarnate Word,University of the Incarnate Word,Southland,Cardinals,IW,,IW,Incarnate Word,,,,,#000000,#080808,http://a.espncdn.com/i/teamlogos/ncaa/500/2916.png,http://a.espncdn.com/i/teamlogos/ncaa/500-dark/2916.png
120883,University of the Pacific,Pacific,University of the Pacific,West Coast,Tigers,,,,Pacific,,,,,,,,
206084,University of Toledo,Toledo,University of Toledo,Mid-American,Rockets,TOL,,TOL,Toledo,,G5,3,West,#00488F,#ffd51d,http://a.espncdn.com/i/teamlogos/ncaa/500/2649.png,http://a.espncdn.com/i/teamlogos/ncaa/500-dark/2649.png
230764,University of Utah,Utah,University of Utah,Big 12,Utes,UTAH,,UTAH,Utah,,P4,2,South,#890012,#7e8083,http://a.espncdn.com/i/teamlogos/ncaa/500/254.png,http://a.espncdn.com/i/teamlogos/ncaa/500-dark/254.png
234076,University of Virginia-Main Campus,Virginia,University of Virginia,ACC,Cavaliers,UVA,,UVA,UVA,,P4,2,Coastal,#00204e,#002d62,http://a.espncdn.com/i/teamlogos/ncaa/500/258.png,http://a.espncdn.com/i/teamlogos/ncaa/500-dark/258.png
236948,University of Washington-Seattle Campus,Washington,University of Washington,Big 10,Huskies,WASH,,WASH,Washington,,P4,1,North,#2B2F64,#e8e3d3,http://a.espncdn.com/i/teamlogos/ncaa/500/264.png,http://a.espncdn.com/i/teamlogos/ncaa/500-dark/264.png
240277,University of Wisconsin-Green Bay,Wisconsin-Green Bay,University of Wisconsin-Green Bay,Horizon League,,,,,,,,,,,,,
240453,University of Wisconsin-Milwaukee,Wisconsin-Milwaukee,University of Wisconsin-Milwaukee,Horizon League,,,,,,,,,,,,,
240444,University of Wisconsin-Madison,Wisconsin,University of Wisconsin–Madison,Big 10,Badgers,WIS,,WIS,Wisconsin,,P4,1,West,#A00001,#f7f7f7,http://a.espncdn.com/i/teamlogos/ncaa/500/275.png,http://a.espncdn.com/i/teamlogos/ncaa/500-dark/275.png
240727,University of Wyoming,Wyoming,University of Wyoming,Mountain West,Cowboys,WYO,,WYO,Wyoming,,G5,3,Mountain,#533B22,#ffffff,http://a.espncdn.com/i/teamlogos/ncaa/500/2751.png,http://a.espncdn.com/i/teamlogos/ncaa/500-dark/2751.png
230728,Utah State University,Utah State,Utah State University,Mountain West,Aggies,USU,,USU,Utah State,,G5,3,Mountain,#003263,#949ca1,http://a.espncdn.com/i/teamlogos/ncaa/500/328.png,http://a.espncdn.com/i/teamlogos/ncaa/500-dark/328.png
230171,Utah Tech University,Utah Tech,Utah Tech University,Big Sky,,,,,,,,,,,,,
230737,Utah Valley University,Utah Valley,Utah Valley University,Western,,,,,,,,,,,,,
152600,Valparaiso University,Valparaiso,Valparaiso University,Pioneer,Crusaders,VALP,,VALP,Valparaiso,,,,,#794500,,http://a.espncdn.com/i/teamlogos/ncaa/500/2674.png,http://a.espncdn.com/i/teamlogos/ncaa/500-dark/2674.png
221999,Vanderbilt University,Vanderbilt,Vanderbilt University,SEC,Commodores,VAN,,VAN,Vanderbilt,,P4,1,East,#000000,#231f20,http://a.espncdn.com/i/teamlogos/ncaa/500/238.png,http://a.espncdn.com/i/teamlogos/ncaa/500-dark/238.png
216597,Villanova University,Villanova,Villanova University,Big East,Wildcats,NOVA,,NOVA,Villanova,,,,,#123d7C,#f0f0f0,http://a.espncdn.com/i/teamlogos/ncaa/500/222.png,http://a.espncdn.com/i/teamlogos/ncaa/500-dark/222.png
234030,Virginia Commonwealth University,Virginia Commonwealth,Virginia Commonwealth University,Atlantic 10,,,,,,,,,,,,,
234085,Virginia Military Institute,VMI,Virginia Military Institute[be],Southern Conference,Keydets,VMI,Virginia Military Institute,VMI,VMI,,,,,#E52D37,#eec52b,http://a.espncdn.com/i/teamlogos/ncaa/500/2678.png,http://a.espncdn.com/i/teamlogos/ncaa/500-dark/2678.png
233921,Virginia Polytechnic Institute and State University,Virginia Tech,Virginia Polytechnic Institute and State University,ACC,Hokies,VT,,VT,VT,,P4,2,Coastal,#74232D,#c2c1ba,http://a.espncdn.com/i/teamlogos/ncaa/500/259.png,http://a.espncdn.com/i/teamlogos/ncaa/500-dark/259.png
197197,Wagner College,Wagner,Wagner College,Northeast Conference,Seahawks,WAG,,WAG,Wagner,,,,,#00483A,#ffffff,http://a.espncdn.com/i/teamlogos/ncaa/500/2681.png,http://a.espncdn.com/i/teamlogos/ncaa/500-dark/2681.png
199847,Wake Forest University,Wake Forest,Wake Forest University,ACC,Demon Deacons,WAKE,,WAKE,Wake Forest,,P4,2,Atlantic,#9E7E38,#000000,http://a.espncdn.com/i/teamlogos/ncaa/500/154.png,http://a.espncdn.com/i/teamlogos/ncaa/500-dark/154.png
236939,Washington State University,Washington State,Washington State University,Pac-12,Cougars,WSU,,WSU,Washington St,,G5,3,North,#94022a,#6a747c,http://a.espncdn.com/i/teamlogos/ncaa/500/265.png,http://a.espncdn.com/i/teamlogos/ncaa/500-dark/265.png
230782,Weber State University,Weber State,Weber State University,Big Sky,Wildcats,WEB,,WEB,Weber State,,,,,#18005a,#ebebeb,http://a.espncdn.com/i/teamlogos/ncaa/500/2692.png,http://a.espncdn.com/i/teamlogos/ncaa/500-dark/2692.png
238032,West Virginia University,West Virginia,West Virginia University,Big 12,Mountaineers,WVU,,WVU,West Virginia,,P4,2,,#FFC600,#eaaa00,http://a.espncdn.com/i/teamlogos/ncaa/500/277.png,http://a.espncdn.com/i/teamlogos/ncaa/500-dark/277.png
200004,Western Carolina University,Western Carolina,Western Carolina University,Southern Conference,Catamounts,WCU,,WCU,W Carolina,,,,,#492F91,#bf9e70,http://a.espncdn.com/i/teamlogos/ncaa/500/2717.png,http://a.espncdn.com/i/teamlogos/ncaa/500-dark/2717.png
149772,Western Illinois University,Western Illinois,Western Illinois University,OVC-Big South,Leathernecks,WIU,,WIU,W Illinois,,,,,#4e1e8a,#ffc90a,http://a.espncdn.com/i/teamlogos/ncaa/500/2710.png,http://a.espncdn.com/i/teamlogos/ncaa/500-dark/2710.png
157951,Western Kentucky University,Western Kentucky,Western Kentucky University,Conference USA,Hilltoppers,WKU,,WKU,W Kentucky,,G5,3,East,#F32026,#b3b5b8,http://a.espncdn.com/i/teamlogos/ncaa/500/98.png,http://a.espncdn.com/i/teamlogos/ncaa/500-dark/98.png
172699,Western Michigan University,Western Michigan,Western Michigan University,Mid-American,Broncos,WMU,,WMU,W Michigan,,G5,3,West,#F1C500,#532E1F,http://a.espncdn.com/i/teamlogos/ncaa/500/2711.png,http://a.espncdn.com/i/teamlogos/ncaa/500-dark/2711.png
156125,Wichita State University,Wichita State,Wichita State University,American,Shockers,,,,Wichita State,,,,,,,,
227757,Rice University,Rice,William Marsh Rice University,American Athletic,Owls,RICE,,RICE,Rice,,G5,3,West,#003D7D,#d1d5d8,http://a.espncdn.com/i/teamlogos/ncaa/500/242.png,http://a.espncdn.com/i/teamlogos/ncaa/500-dark/242.png
218964,Winthrop University,Winthrop,Winthrop University,Big South,,,,,,,,,,,,,
218973,Wofford College,Wofford,Wofford College,Southern Conference,Terriers,WOF,,WOF,Wofford,,,,,#533B23,#f0f0f0,http://a.espncdn.com/i/teamlogos/ncaa/500/2747.png,http://a.espncdn.com/i/teamlogos/ncaa/500-dark/2747.png
206604,Wright State University-Main Campus,Wright State University,Wright State University,Horizon League,Raiders,WRST,,WRST,Wright State,,,,,#a36209,#e2b629,http://a.espncdn.com/i/teamlogos/ncaa/500/2750.png,http://a.espncdn.com/i/teamlogos/ncaa/500-dark/2750.png
206622,Xavier University,Xavier,Xavier University,Big East,Musketeers,,,,Xavier,,,,,,,,
130794,Yale University,Yale,Yale University,Ivy,Bulldogs,YALE,,YALE,Yale,,,,,#004a81,#286dc0,http://a.espncdn.com/i/teamlogos/ncaa/500/43.png,http://a.espncdn.com/i/teamlogos/ncaa/500-dark/43.png
206695,Youngstown State University,Youngstown State,Youngstown State University,Missouri Valley Football Conference,Penguins,YSU,,YSU,Youngstown St,,,,,#E51936,#690717,http://a.espncdn.com/i/teamlogos/ncaa/500/2754.png,http://a.espncdn.com/i/teamlogos/ncaa/500-dark/2754.png
100706,University of Alabama in Huntsville,Huntsville,University of Alabama in Huntsville,,,,,,,Western Collegiate Hockey Association,,,,,,,
102553,University of Alaska Anchorage,Anchorage,University of Alaska Anchorage,,,ALAN,,,Alaska-Anchorage,,,,,,,,
102614,University of Alaska Fairbanks,Fairbanks,University of Alaska Fairbanks,,,ALFA,,,Alaska-Fairbanks,,,,,,,,
126678,Colorado College,Colorado College,Colorado College,,Tigers,COL,,COL,Colorado College,,,,,#000000,,http://a.espncdn.com/i/teamlogos/ncaa/500/2144.png,http://a.espncdn.com/i/teamlogos/ncaa/500-dark/2144.png
130183,Post University,Post,Post University,,,,,,,NE10,,,,,,,
133650,Florida Agricultural and Mechanical University,Florida A&M,Florida Agricultural and Mechanical University,Southwestern,Rattlers,FAMU,,FAMU,Florida A&M,,,,,#F89728,#00843d,http://a.espncdn.com/i/teamlogos/ncaa/500/50.png,http://a.espncdn.com/i/teamlogos/ncaa/500-dark/50.png
144892,Eastern Illinois University,Eastern Illinois,Eastern Illinois University,OVC-Big South,,,,,,,,,,#004C97,#75787B,,
147013,McKendree University,McKendree,McKendree University,,,,,,,GLCV,,,,,,,
150163,Butler University,Butler,Butler University,Pioneer,Bulldogs,BUT,,BUT,Butler,,,,,#0d1361,#00a3e0,http://a.espncdn.com/i/teamlogos/ncaa/500/2086.png,http://a.espncdn.com/i/teamlogos/ncaa/500-dark/2086.png
164562,Assumption University,Assumption,Assumption University,,,,,,,NE10,,,,,,,
164739,Bentley University,Bentley,Bentley University,,Falcons,BENT,,BENT,Bentley,,,,,#000000,,http://a.espncdn.com/i/teamlogos/ncaa/500/2060.png,http://a.espncdn.com/i/teamlogos/ncaa/500-dark/2060.png
169910,Ferris State University,Ferris State,Ferris State University,,Bulldogs,FER,,FER,Ferris St,,,,,#000000,,http://a.espncdn.com/i/teamlogos/ncaa/500/2222.png,http://a.espncdn.com/i/teamlogos/ncaa/500-dark/2222.png
170639,Lake Superior State University,Lake Superior,Lake Superior State University,,,LSSU,Lake SuperiorAs,,Lake Superior,,,,,#003F87,,https://1000logos.net/wp-content/uploads/2021/06/Lake-Superior-State-Lakers-logo-500x281.png,
171128,Michigan Technological University,Michigan Tech,Michigan Technological University,,Huskies,MIC,,MIC,Michigan Tech,,,,,#000000,,http://a.espncdn.com/i/teamlogos/ncaa/500/2392.png,http://a.espncdn.com/i/teamlogos/ncaa/500-dark/2392.png
171456,Northern Michigan University,Northern Michigan,Northern Michigan University,,Wildcats,NOR,,NOR,N Michigan,,,,,#000000,,http://a.espncdn.com/i/teamlogos/ncaa/500/128.png,http://a.espncdn.com/i/teamlogos/ncaa/500-dark/128.png
173124,Bemidji State University,Bemidji State,Bemidji State University,,Beavers,BEM,,BEM,Bemidji State,,,,,#000000,,http://a.espncdn.com/i/teamlogos/ncaa/500/132.png,http://a.espncdn.com/i/teamlogos/ncaa/500-dark/132.png
173920,Minnesota State University-Mankato,Minnesota State,Minnesota State University-Mankato,,Mavericks,MNST,,MNST,Minnesota St,,,,,#000000,,http://a.espncdn.com/i/teamlogos/ncaa/500/2364.png,http://a.espncdn.com/i/teamlogos/ncaa/500-dark/2364.png
174075,,Minnesota-Crookston,Minnesota-Crookston,,Golden Eagles,MIN,,MIN,Minnesota-Crookston,,,,,#000000,,http://a.espncdn.com/i/teamlogos/ncaa/500/2772.png,http://a.espncdn.com/i/teamlogos/ncaa/500-dark/2772.png
174233,University of Minnesota-Duluth,Minnesota-Duluth,University of Minnesota-Duluth,,Bulldogs,MNDU,,MNDU,Minnesota-Duluth,,,,,#000000,,http://a.espncdn.com/i/teamlogos/ncaa/500/134.png,http://a.espncdn.com/i/teamlogos/ncaa/500-dark/134.png
174783,Saint Cloud State University,St. Cloud State,Saint Cloud State University,,Huskies,STC,,STC,St. Cloud St,,,,,#000000,,http://a.espncdn.com/i/teamlogos/ncaa/500/2594.png,http://a.espncdn.com/i/teamlogos/ncaa/500-dark/2594.png
174792,Saint Johns University,St. Johns (MN),Saint Johns University,,Johnnies,STJ,,STJ,St. Johns (MN),,,,,#000000,,http://a.espncdn.com/i/teamlogos/ncaa/500/2600.png,http://a.espncdn.com/i/teamlogos/ncaa/500-dark/2600.png
176965,,Central Missouri State,Central Missouri State,,Mules,CEN,,CEN,Cent Missouri St,,,,,#CF202E,,http://a.espncdn.com/i/teamlogos/ncaa/500/2118.png,http://a.espncdn.com/i/teamlogos/ncaa/500-dark/2118.png
182795,Franklin Pierce University,Franklin Pierce,Franklin Pierce University,,,,,,,NE10,,,,,,,
183026,Southern New Hampshire University,Southern NH,Southern New Hampshire University,,,,,,,NE10,,,,,,,
183239,Saint Anselm College,Saint A's,Saint Anselm College,,,,,,,NE10,,,,,,,
190044,Clarkson University,Clarkson,Clarkson University,,,CLRK,,,Clarkson,,,,,,,,
194824,Rensselaer Polytechnic Institute,Rensselaer,Rensselaer Polytechnic Institute,,Engineers,REN,,REN,Rensselaer,,,,,#000000,,http://a.espncdn.com/i/teamlogos/ncaa/500/2528.png,http://a.espncdn.com/i/teamlogos/ncaa/500-dark/2528.png
195003,Rochester Institute of Technology,Rochester,Rochester Institute of Technology,,Yellow Jackets,ROC,,ROC,Rochester,,,,,#000000,,http://a.espncdn.com/i/teamlogos/ncaa/500/184.png,http://a.espncdn.com/i/teamlogos/ncaa/500-dark/184.png
195216,St Lawrence University,St Lawrence,St Lawrence University,,Saints,STL,,STL,St Lawrence,,,,,#000000,,http://a.espncdn.com/i/teamlogos/ncaa/500/2779.png,http://a.espncdn.com/i/teamlogos/ncaa/500-dark/2779.png
196866,Union College,Union,Union College,,Garnet Chargers,UNI,,UNI,Union,,,,,#862633,"#000000	",https://unionathletics.com/services/download_file.ashx?file_location=https://static.unionathletics.com/custompages/Logos/Block%20U.png,http://a.espncdn.com/i/teamlogos/ncaa/500-dark/237.png
207263,,Northeastern State,Northeastern State,,RiverHawks,NEO,,NEO,NE St,,,,,#276444,,http://a.espncdn.com/i/teamlogos/ncaa/500/196.png,http://a.espncdn.com/i/teamlogos/ncaa/500-dark/196.png
207306,,Northwestern Oklahoma State,Northwestern Oklahoma State,,Rangers,NWO,,NWO,NW Oklahoma St,,,,,#000000,,http://a.espncdn.com/i/teamlogos/ncaa/500/2823.png,http://a.espncdn.com/i/teamlogos/ncaa/500-dark/2823.png
212115,,East Stroudsburg,East Stroudsburg,,Warriors,EAS,,EAS,E Stroudsburg,,,,,#000000,,http://a.espncdn.com/i/teamlogos/ncaa/500/2188.png,http://a.espncdn.com/i/teamlogos/ncaa/500-dark/2188.png
213987,Mercyhurst University,Mercyhurst,Mercyhurst University,Northeast Conference,Lakers,MERC,,MERC,Mercyhurst,,,,,#000000,,http://a.espncdn.com/i/teamlogos/ncaa/500/2385.png,http://a.espncdn.com/i/teamlogos/ncaa/500-dark/2385.png
216764,,West Chester,West Chester,,Golden Rams,WES,,WES,West Chester,,,,,#621B7B,,http://a.espncdn.com/i/teamlogos/ncaa/500/223.png,http://a.espncdn.com/i/teamlogos/ncaa/500-dark/223.png
219000,Augustana University,Augustana (SD),Augustana University,,Vikings,AUG,,AUG,Augustana (SD),,,,,#000000,,http://a.espncdn.com/i/teamlogos/ncaa/500/2043.png,http://a.espncdn.com/i/teamlogos/ncaa/500-dark/2043.png
227863,University of St Thomas,St. Thomas (MN),University of St Thomas,,Tommies,STMN,,STMN,St. Thomas (MN),,,,,#000000,,http://a.espncdn.com/i/teamlogos/ncaa/500/2900.png,http://a.espncdn.com/i/teamlogos/ncaa/500-dark/2900.png
231059,Saint Michael's College,Saint Michaels,Saint Michael's College,,,,,,,NE10,,,,,,,
237367,,Fairmont State,Fairmont State,,Falcons,FAI,,FAI,Fairmont St,,,,,#DB0436,,http://a.espncdn.com/i/teamlogos/ncaa/500/2986.png,http://a.espncdn.com/i/teamlogos/ncaa/500-dark/2986.png
433660,Florida Gulf Coast University,FL Gulf Coast,Florida Gulf Coast University,,,,,,,,,,,#00794C,#004785,,
482680,North Georgia,North Georgia,North Georgia,,,,,,,,,,,,,https://upload.wikimedia.org/wikipedia/commons/3/35/North_georgia_logo_2024.png,
,,10th District A.C.,,,,,,,,,,,,,,,
,,111th Ambulance,,,,,,,,,,,,,,,
,,11th Cavalry,,,,,,,,,,,,,,,
,,1st Infantry,,,,,,,,,,,,,,,
,,1st Texas Artillery,,,,,,,,,,,,,,,
,,20th Infantry,,,,,,,,,,,,,,,
,,260th Coast Artillery,,,,,,,,,,,,,,,
,,26th Infantry,,,,,,,,,,,,,,,
,,2nd Developmemt Regiment,,,,,,,,,,,,,,,
,,2nd Texas 132nd Infantry,,,,,,,,,,,,,,,
,,362nd Infantry,,,,,,,,,,,,,,,
,,3rd Army Corps,,,,,,,,,,,,,,,
,,47th Infantry,,,,,,,,,,,,,,,
,,48th Infantry,,,,,,,,,,,,,,,
,,7th Infantry,,,,,,,,,,,,,,,
,,9th Amry Corps,,,,,,,,,,,,,,,
,,Abilene Field,,,,,,,,,,,,,,,
,,Active Football Club,,,,,,,,,,,,,,,
,,Actual Business College,,,,,,,,,,,,,,,
,,Adams State,,,Grizzlies,ADST,,ADST,Adams St,,,,,#000000,,http://a.espncdn.com/i/teamlogos/ncaa/500/2001.png,http://a.espncdn.com/i/teamlogos/ncaa/500-dark/2001.png
,,Adelbert,,,,,,,,,,,,,,,
,,Adelphi,,,,,,,,,,,,,,,
,,Adrian,,,Bulldogs,ADR,,ADR,Adrian,,,,,#000000,,http://a.espncdn.com/i/teamlogos/ncaa/500/2003.png,http://a.espncdn.com/i/teamlogos/ncaa/500-dark/2003.png
,,Alabama Medical,,,,,,,,,,,,,,,
,,Alabama Presbyterian,,,,,,,,,,,,,,,
,,Alabama Southern,,,,,,,,,,,,,,,
,,Alameda Coast Guard,,,Sea Lions,,,,Alameda Coast Guard,,,,,,,,
,,Alameda NAS,,,,,,,,,,,,,,,
,,Albany State (GA),,,Golden Rams,ALB,,ALB,Albany St (GA),,,,,#000000,,http://a.espncdn.com/i/teamlogos/ncaa/500/2013.png,http://a.espncdn.com/i/teamlogos/ncaa/500-dark/2013.png
,,Albertson,,,,,,,,,,,,,,,
,,Albion,,,Britons,ALBI,,ALBI,Albion,,,,,#000000,,http://a.espncdn.com/i/teamlogos/ncaa/500/2790.png,http://a.espncdn.com/i/teamlogos/ncaa/500-dark/2790.png
,,Albright,,,Lions,ALB,,ALB,Albright,,,,,#000000,,http://a.espncdn.com/i/teamlogos/ncaa/500/2015.png,http://a.espncdn.com/i/teamlogos/ncaa/500-dark/2015.png
,,Albuquerque Field,,,,,,,,,,,,,,,
,,Alderson-Broaddus,,,Battlers,ABC,,ABC,Ald.-Broaddus,,,,,,,http://a.espncdn.com/i/teamlogos/ncaa/500/2017.png,http://a.espncdn.com/i/teamlogos/ncaa/500-dark/2017.png
,,Alfred,,,Saxons,ALF,,ALF,Alfred,,,,,#000000,,http://a.espncdn.com/i/teamlogos/ncaa/500/365.png,http://a.espncdn.com/i/teamlogos/ncaa/500-dark/365.png
,,Alfred State College,,,Pioneers,ASC,,ASC,Alfred St ,,,,,#000000,,http://a.espncdn.com/i/teamlogos/ncaa/500/3162.png,http://a.espncdn.com/i/teamlogos/ncaa/500-dark/3162.png
,,Allegheny,,,Golden Gators,ALL,,ALL,Allegheny,,,,,#000000,,http://a.espncdn.com/i/teamlogos/ncaa/500/2018.png,http://a.espncdn.com/i/teamlogos/ncaa/500-dark/2018.png
,,Alliance,,,,,,,,,,,,,,,
,,Alma,,,,,,,,,,,,,,,
,,Alma College,,,Scots,ALM,,ALM,Alma College,,,,,#000000,,http://a.espncdn.com/i/teamlogos/ncaa/500/2800.png,http://a.espncdn.com/i/teamlogos/ncaa/500-dark/2800.png
,,Altoona A.C.,,,,,,,,,,,,,,,
,,Amarillo Field,,,Sky Giants,,,,Amarillo Field,,,,,,,,
,,American International,,,Yellow Jackets,AIC,,AIC,American Intl.,,,,,#000000,,http://a.espncdn.com/i/teamlogos/ncaa/500/2022.png,http://a.espncdn.com/i/teamlogos/ncaa/500-dark/2022.png
,,American Legion,,,,,,,,,,,,,,,
,,American Medical,,,,,,,,,,,,,,,
,,American Osteopath,,,,,,,,,,,,,,,
,,Amherst College,,,Mammoths,AMH,Amherst,AMH,Amherst ,,,,,#000000,,http://a.espncdn.com/i/teamlogos/ncaa/500/7.png,http://a.espncdn.com/i/teamlogos/ncaa/500-dark/7.png
,,Amherst YMCA,,,,,,,,,,,,,,,
,,Anaconda Anodes,,,,,,,,,,,,,,,
,,Anderson,,,,,,,,,,,,,,,
,,Anderson (IN),,,Ravens,AND,,AND,Anderson (IN),,,,,#000000,,http://a.espncdn.com/i/teamlogos/ncaa/500/2023.png,http://a.espncdn.com/i/teamlogos/ncaa/500-dark/2023.png
,,Andover,,,,,,,,,,,,,,,
,,Angelo State,,,Rams,ANG,,ANG,Angelo St,,,,,#000000,,http://a.espncdn.com/i/teamlogos/ncaa/500/2025.png,http://a.espncdn.com/i/teamlogos/ncaa/500-dark/2025.png
,,Anna Maria College,,,Amcats,ANN,,ANN,Anna Maria ,,,,,#000000,,http://a.espncdn.com/i/teamlogos/ncaa/500/15.png,http://a.espncdn.com/i/teamlogos/ncaa/500-dark/15.png
,,Apprentice School,,,Builders,APP,,APP,Apprentice School,,,,,#000000,,http://a.espncdn.com/i/teamlogos/ncaa/500/3111.png,http://a.espncdn.com/i/teamlogos/ncaa/500-dark/3111.png
,,Arizona All-Stars,,,,,,,,,,,,,,,
, ,Arizona Christian,,,Firestorm,AZCR,,AZCR,Arizona Christian,,,,,,,,
,,Arkansas Tech,,,Wonder Boys,ARK,,ARK,Arkansas Tech,,,,,#000000,,http://a.espncdn.com/i/teamlogos/ncaa/500/2033.png,http://a.espncdn.com/i/teamlogos/ncaa/500-dark/2033.png
,,Arkansas-Monticello,,,Weevils,ARK,,ARK,AR-Monticello,,,,,#000000,,http://a.espncdn.com/i/teamlogos/ncaa/500/2028.png,http://a.espncdn.com/i/teamlogos/ncaa/500-dark/2028.png
,,Armour,,,,,,,,,,,,,,,
,,Army Ambulance Corps,,,,,,,,,,,,,,,
,,Ashland,,,Eagles,ASH,,ASH,Ashland,,,,,#000000,,http://a.espncdn.com/i/teamlogos/ncaa/500/308.png,http://a.espncdn.com/i/teamlogos/ncaa/500-dark/308.png
,,Assumption,,,Greyhounds,ASP,,ASP,Assumption,,,,,#000000,,http://a.espncdn.com/i/teamlogos/ncaa/500/2038.png,http://a.espncdn.com/i/teamlogos/ncaa/500-dark/2038.png
,,Athens,,,,,,,,,,,,,,,
,,Athens A.C.,,,,,,,,,,,,,,,
,,Atlantic Christian,,,,,,,,,,,,,,,
,,Atlantic City NAS,,,,,,,,,,,,,,,
,,Augsburg,,,Auggies,AUG,,AUG,Augsburg,,,,,#000000,,http://a.espncdn.com/i/teamlogos/ncaa/500/124.png,http://a.espncdn.com/i/teamlogos/ncaa/500-dark/124.png
,,Augusta Military Academy,,,,,,,,,,,,,,,
,,Augustana (IL),,,Vikings,AUG,,AUG,Augustana (IL),,,,,#000000,,http://a.espncdn.com/i/teamlogos/ncaa/500/2042.png,http://a.espncdn.com/i/teamlogos/ncaa/500-dark/2042.png
,,Augustana (South Dakota),,,,,,,,,,,,,,,
,,Aurora,,,Spartans,AUR,,AUR,Aurora,,,,,#000000,,http://a.espncdn.com/i/teamlogos/ncaa/500/2044.png,http://a.espncdn.com/i/teamlogos/ncaa/500-dark/2044.png
,,Austin,,,,,,,,,,,,,,,
,,Austin College,,,Kangaroos,AUS,,AUS,Austin College,,,,,#000000,,http://a.espncdn.com/i/teamlogos/ncaa/500/2045.png,http://a.espncdn.com/i/teamlogos/ncaa/500-dark/2045.png
,,Austin High,,,,,,,,,,,,,,,
,,Ave Maria,,,Gyrenes,AMU,,AMU,Ave Maria,,,,,#000000,,http://a.espncdn.com/i/teamlogos/ncaa/500/3178.png,http://a.espncdn.com/i/teamlogos/ncaa/500-dark/3178.png
,,Averett,,,Cougars,AVE,,AVE,Averett,,,,,#000000,,http://a.espncdn.com/i/teamlogos/ncaa/500/2047.png,http://a.espncdn.com/i/teamlogos/ncaa/500-dark/2047.png
,,Avila College,,,Eagles,AVC,,AVC,Avila College,,,,,#000000,,http://a.espncdn.com/i/teamlogos/ncaa/500/2048.png,http://a.espncdn.com/i/teamlogos/ncaa/500-dark/2048.png
,,Azusa Pacific,,,Cougars,AZU,,AZU,Azusa Pacific,,,,,#000000,,http://a.espncdn.com/i/teamlogos/ncaa/500/2049.png,http://a.espncdn.com/i/teamlogos/ncaa/500-dark/2049.png
,,Bacone College,,,Warriors,BKN,,BKN,Bacone College,,,,,,,http://a.espncdn.com/i/teamlogos/ncaa/500/487.png,http://a.espncdn.com/i/teamlogos/ncaa/500-dark/487.png
,,Bailey Military,,,,,,,,,,,,,,,
,,Bainbridge NTS,,,,,,,,,,,,,,,
,,Baker,,,,,,,,,,,,,,,
,,Baker University,,,Wildcats,BAK,,BAK,Baker U,,,,,#000000,,http://a.espncdn.com/i/teamlogos/ncaa/500/488.png,http://a.espncdn.com/i/teamlogos/ncaa/500-dark/488.png
,,Balboa NTS,,,,,,,,,,,,,,,
,,Baldwin-Wallace,,,Yellow Jackets,BAL,,BAL,Baldwin-Wallace,,,,,#000000,,http://a.espncdn.com/i/teamlogos/ncaa/500/188.png,http://a.espncdn.com/i/teamlogos/ncaa/500-dark/188.png
,,Ballard Meteors,,,,,,,,,,,,,,,
,,Baltimore,,,,,,,,,,,,,,,
,,Baltimore A.C.,,,,,,,,,,,,,,,
,,Bankers A.C.,,,,,,,,,,,,,,,
,,Barksdale Field,,,,,,,,,,,,,,,
,,Barnes Medical,,,,,,,,,,,,,,,
,,Barron Field,,,,,,,,,,,,,,,
,,Bates College,,,Bobcats,BAT,Bates,BAT,Bates College,,,,,#000000,,http://a.espncdn.com/i/teamlogos/ncaa/500/121.png,http://a.espncdn.com/i/teamlogos/ncaa/500-dark/121.png
,,Beaumont Hospital,,,,,,,,,,,,,,,
,,Becker College,,,Hawks,BEC,,BEC,Becker College,,,,,#000000,,http://a.espncdn.com/i/teamlogos/ncaa/500/479.png,http://a.espncdn.com/i/teamlogos/ncaa/500-dark/479.png
,,Belhaven College,,,Blazers,BEL,,BEL,Belhaven ,,,,,#000000,,http://a.espncdn.com/i/teamlogos/ncaa/500/2056.png,http://a.espncdn.com/i/teamlogos/ncaa/500-dark/2056.png
,,Bellefonte Academy,,,,,,,,,,,,,,,
,,Bellevue,,,,,,,,,,,,,,,
,,Belmont A.C.,,,,,,,,,,,,,,,
,,Beloit College,,,Buccaneers,BEL,Beloit,BEL,Beloit College,,,,,#000000,,http://a.espncdn.com/i/teamlogos/ncaa/500/266.png,http://a.espncdn.com/i/teamlogos/ncaa/500-dark/266.png
,,Beloit High,,,,,,,,,,,,,,,
,,Benedict,,,Tigers,BEN,,BEN,Benedict,,,,,#000000,,http://a.espncdn.com/i/teamlogos/ncaa/500/2059.png,http://a.espncdn.com/i/teamlogos/ncaa/500-dark/2059.png
,,Benedict College,,,Tigers,BBG,,BBG,Benedict,,,,,,,http://a.espncdn.com/i/teamlogos/ncaa/500/490.png,http://a.espncdn.com/i/teamlogos/ncaa/500-dark/490.png
,,Benedictine (IL),,,Eagles,BEN,,BEN,Benedictine (IL),,,,,#000000,,http://a.espncdn.com/i/teamlogos/ncaa/500/2283.png,http://a.espncdn.com/i/teamlogos/ncaa/500-dark/2283.png
,,Benedictine College,,,Bndctne Col,BEN,,BEN,Benedictine,,,,,,,http://a.espncdn.com/i/teamlogos/ncaa/500/16111.png,http://a.espncdn.com/i/teamlogos/ncaa/500-dark/16111.png
,,Bennett Medical,,,,,,,,,,,,,,,
,,Berg Field,,,,,,,,,,,,,,,
,,Bergstrom Field,,,,,,,,,,,,,,,
,,Berkeley A.C.,,,,,,,,,,,,,,,
,,Berry College,,,Vikings,BER,,BER,Berry,,,,,,,http://a.espncdn.com/i/teamlogos/ncaa/500/2757.png,http://a.espncdn.com/i/teamlogos/ncaa/500-dark/2757.png
,,Bethany (Kansas),,,,,,,,,,,,,,,
,,Bethany (KS),,,Swedes,BET,,BET,Bethany (KS),,,,,#000000,,http://a.espncdn.com/i/teamlogos/ncaa/500/492.png,http://a.espncdn.com/i/teamlogos/ncaa/500-dark/492.png
,,Bethany (West Virginia),,,,,,,,,,,,,,,
,,Bethany (WV),,,Bison,BET,,BET,Bethany (WV),,,,,#000000,,http://a.espncdn.com/i/teamlogos/ncaa/500/2062.png,http://a.espncdn.com/i/teamlogos/ncaa/500-dark/2062.png
,,Bethel,,,,,,,,,,,,,,,
,,Bethel (MN),,,Royals,BET,,BET,Bethel (MN),,,,,#000000,,http://a.espncdn.com/i/teamlogos/ncaa/500/2802.png,http://a.espncdn.com/i/teamlogos/ncaa/500-dark/2802.png
,,Bethel (TN),,,Wildcats,BET,,BET,Bethel (TN),,,,,#000000,,http://a.espncdn.com/i/teamlogos/ncaa/500/2064.png,http://a.espncdn.com/i/teamlogos/ncaa/500-dark/2064.png
,,Bingham,,,,,,,,,,,,,,,
,,Birmingham,,,,,,,,,,,,,,,
,,Birmingham High,,,,,,,,,,,,,,,
,,Birmingham-Southern,,,Panthers,BIR,,BIR,Birmingham-Southern,,,,,#000000,,http://a.espncdn.com/i/teamlogos/ncaa/500/3.png,http://a.espncdn.com/i/teamlogos/ncaa/500-dark/3.png
,,Bishop,,,,,,,,,,,,,,,
,,Black Hills State,,,Yellow Jackets,BLA,,BLA,Black Hills St,,,,,#000000,,http://a.espncdn.com/i/teamlogos/ncaa/500/2069.png,http://a.espncdn.com/i/teamlogos/ncaa/500-dark/2069.png
,,Blackburn,,,Beavers,BLA,,BLA,Blackburn,,,,,#000000,,http://a.espncdn.com/i/teamlogos/ncaa/500/2070.png,http://a.espncdn.com/i/teamlogos/ncaa/500-dark/2070.png
,,Blackland Field,,,,,,,,,,,,,,,
,,Bloomsburg,,,Huskies,BLO,,BLO,Bloomsburg,,,,,#000000,,http://a.espncdn.com/i/teamlogos/ncaa/500/2071.png,http://a.espncdn.com/i/teamlogos/ncaa/500-dark/2071.png
,,Blountsville Agricultural,,,,,,,,,,,,,,,
,,Bluefield College,,,Rams,BLU,,BLU,Bluefield ,,,,,,,http://a.espncdn.com/i/teamlogos/ncaa/500/495.png,http://a.espncdn.com/i/teamlogos/ncaa/500-dark/495.png
,,Bluffton,,,Beavers,BLU,,BLU,Bluffton,,,,,#000000,,http://a.espncdn.com/i/teamlogos/ncaa/500/2074.png,http://a.espncdn.com/i/teamlogos/ncaa/500-dark/2074.png
,,Bogue Field,,,,,,,,,,,,,,,
,,Bolling Field,,,,,,,,,,,,,,,
,,Boston A.C.,,,,,,,,,,,,,,,
,,Boston English High,,,,,,,,,,,,,,,
,,Boston Latin High,,,,,,,,,,,,,,,
,,Boulder High,,,,,,,,,,,,,,,
,,Bowdoin,,,Polar Bears,BOW,,BOW,Bowdoin,,,,,#000000,,http://a.espncdn.com/i/teamlogos/ncaa/500/340.png,http://a.espncdn.com/i/teamlogos/ncaa/500-dark/340.png
,,Bowie State,,,Bulldogs,BOW,,BOW,Bowie St,,,,,#000000,,http://a.espncdn.com/i/teamlogos/ncaa/500/2075.png,http://a.espncdn.com/i/teamlogos/ncaa/500-dark/2075.png
,,Bradford National Guard,,,,,,,,,,,,,,,
,,Brandeis,,,,,,,,,,,,,,,
,,Brayton,,,,,,,,,,,,,,,
,,Bremerton Navy,,,,,,,,,,,,,,,
,,Brevard College,,,Tornados,BRE,,BRE,Brevard ,,,,,#000000,,http://a.espncdn.com/i/teamlogos/ncaa/500/2913.png,http://a.espncdn.com/i/teamlogos/ncaa/500-dark/2913.png
,,Bridgewater,,,,,,,,,,,,,,,
,,Bridgewater (VA),,,Eagles,BRD,,BRD,Bridgewater (VA),,,,,#000000,,http://a.espncdn.com/i/teamlogos/ncaa/500/2079.png,http://a.espncdn.com/i/teamlogos/ncaa/500-dark/2079.png
,,Bridgewater State,,,Bears,BGW,,BGW,Bridgewater St,,,,,#000000,,http://a.espncdn.com/i/teamlogos/ncaa/500/18.png,http://a.espncdn.com/i/teamlogos/ncaa/500-dark/18.png
,,Brit Columbia,,,Thunderbirds,BBM,,BBM,Brit Columbia,,,,,#000000,,http://a.espncdn.com/i/teamlogos/ncaa/500/2080.png,http://a.espncdn.com/i/teamlogos/ncaa/500-dark/2080.png
,,Britannia,,,,,,,,,,,,,,,
,,British Club of New York,,,,,,,,,,,,,,,
,,Brockport State (NY),,,Golden Eagles,BRO,,BRO,Brockport St (NY),,,,,#000000,,http://a.espncdn.com/i/teamlogos/ncaa/500/2781.png,http://a.espncdn.com/i/teamlogos/ncaa/500-dark/2781.png
,,Brooklyn,,,,,,,,,,,,,,,
,,Brooklyn Polytechnic Institute,,,,,,,,,,,,,,,
,,Brooklyn Tigers (NFL),,,,,,,,,,,,,,,
,,Bryan Field,,,,,,,,,,,,,,,
,,Bryson,,,,,,,,,,,,,,,
,,Buckner Business College,,,,,,,,,,,,,,,
,,Buena Vista,,,Beavers,BUE,,BUE,Buena Vista,,,,,#000000,,http://a.espncdn.com/i/teamlogos/ncaa/500/63.png,http://a.espncdn.com/i/teamlogos/ncaa/500-dark/63.png
,,Buffalo State,,,Bengals,BUF,,BUF,Buffalo St,,,,,#000000,,http://a.espncdn.com/i/teamlogos/ncaa/500/2085.png,http://a.espncdn.com/i/teamlogos/ncaa/500-dark/2085.png
,,Bunker Hill Navy,,,,,,,,,,,,,,,
,,Burleson,,,,,,,,,,,,,,,
,,Burlingame A.C.,,,,,,,,,,,,,,,
,,Butler YMCA,,,,,,,,,,,,,,,
,,Butte A.C.,,,,,,,,,,,,,,,
,,C.M.T.S.,,,,,,,,,,,,,,,
,,Cal Lutheran,,,Kingsmen,CAL,California Lutheran,CAL,Cal Lutheran,,,,,#000000,,http://a.espncdn.com/i/teamlogos/ncaa/500/2094.png,http://a.espncdn.com/i/teamlogos/ncaa/500-dark/2094.png
,,Cal Poly-Pomona,,,,,,,,,,,,,,,
,,Cal State Los Angeles,,,Golden Eagles,,,,Cal State Los Angeles,,,,,,,,
,,California (PA),,,Vulcans,CAL,,CAL,California (PA),,,,,#000000,,http://a.espncdn.com/i/teamlogos/ncaa/500/2858.png,http://a.espncdn.com/i/teamlogos/ncaa/500-dark/2858.png
,,California (Pennsylvania),,,,,,,,,,,,,,,
,,California Alumni,,,,,,,,,,,,,,,
,,California Tech,,,,,,,,,,,,,,,
,,Camp Adams,,,,,,,,,,,,,,,
,,Camp Baker,,,,,,,,,,,,,,,
,,Camp Beale,,,,,,,,,,,,,,,
,,Camp Blanding,,,,,,,,,,,,,,,
,,Camp Davis,,,,,,,,,,,,,,,
,,Camp Devens,,,,,,,,,,,,,,,
,,Camp Dodge,,,,,,,,,,,,,,,
,,Camp Doniphan,,,,,,,,,,,,,,,
,,Camp Funston,,,,,,,,,,,,,,,
,,Camp Gordon,,,,,,,,,,,,,,,
,,Camp Grant,,,Warriors,,,,Camp Grant,,,,,,,,
,,Camp Greene,,,,,,,,,,,,,,,
,,Camp Greenleaf,,,,,,,,,,,,,,,
,,Camp Griffin,,,,,,,,,,,,,,,
,,Camp Haan,,,,,,,,,,,,,,,
,,Camp Hancock,,,,,,,,,,,,,,,
,,Camp Harrison,,,,,,,,,,,,,,,
,,Camp Hood,,,,,,,,,,,,,,,
,,Camp Humphreys,,,,,,,,,,,,,,,
,,Camp Kilmer,,,,,,,,,,,,,,,
,,Camp Lee,,,,,,,,,,,,,,,
,,Camp Lejeune,,,,,,,,,,,,,,,
,,Camp Logan,,,,,,,,,,,,,,,
,,Camp Lyons,,,,,,,,,,,,,,,
,,Camp Mabry,,,,,,,,,,,,,,,
,,Camp MacAurthur,,,,,,,,,,,,,,,
,,Camp MacDowell,,,,,,,,,,,,,,,
,,Camp Mackall,,,,,,,,,,,,,,,
,,Camp McClelland,,,,,,,,,,,,,,,
,,Camp McKinley,,,,,,,,,,,,,,,
,,Camp McPherson,,,,,,,,,,,,,,,
,,Camp Meyer,,,,,,,,,,,,,,,
,,Camp Peary,,,,,,,,,,,,,,,
,,Camp Pendleton,,,,,,,,,,,,,,,
,,Camp Perry,,,,,,,,,,,,,,,
,,Camp Pickett,,,,,,,,,,,,,,,
,,Camp Pike,,,,,,,,,,,,,,,
,,Camp Polk,,,,,,,,,,,,,,,
,,Camp Preble,,,,,,,,,,,,,,,
,,Camp Russell,,,,,,,,,,,,,,,
,,Camp Sevier,,,,,,,,,,,,,,,
,,Camp Shelby,,,,,,,,,,,,,,,
,,Camp Sherman,,,,,,,,,,,,,,,
,,Camp Taylor,,,,,,,,,,,,,,,
,,Camp Travis,,,,,,,,,,,,,,,
,,Camp Wadsworth,,,,,,,,,,,,,,,
,,Campello,,,,,,,,,,,,,,,
,,Canada All-Stars,,,,,,,,,,,,,,,
,,Canton A.C.,,,,,,,,,,,,,,,
,,Capital,,,Crusaders,CAP,,CAP,Capital,,,,,#000000,,http://a.espncdn.com/i/teamlogos/ncaa/500/424.png,http://a.espncdn.com/i/teamlogos/ncaa/500-dark/424.png
,,Carleton,,,Knights,CAR,,CAR,Carleton,,,,,#000000,,http://a.espncdn.com/i/teamlogos/ncaa/500/2101.png,http://a.espncdn.com/i/teamlogos/ncaa/500-dark/2101.png
,,Carleton-St. Olaf,,,,,,,,,,,,,,,
,,Carlisle,,,Indians,,,,Carlisle,,,,,,,,
,,Carlstrom Field,,,,,,,,,,,,,,,
,,Carnegie Mellon,,,Tartans,CAR,,CAR,Carnegie Mellon,,,,,#000000,,http://a.espncdn.com/i/teamlogos/ncaa/500/2102.png,http://a.espncdn.com/i/teamlogos/ncaa/500-dark/2102.png
,,Carroll (Montana),,,,,,,,,,,,,,,
,,Carroll (WI),,,Pioneers,CAR,,CAR,Carroll (WI),,,,,#000000,,http://a.espncdn.com/i/teamlogos/ncaa/500/32.png,http://a.espncdn.com/i/teamlogos/ncaa/500-dark/32.png
,,Carroll (Wisconsin),,,,,,,,,,,,,,,
,,Carruthers Field,,,,,,,,,,,,,,,
,,Carson-Newman,,,Eagles,CNEW,,CNEW,Carson-Newman,,,,,#000000,,http://a.espncdn.com/i/teamlogos/ncaa/500/2105.png,http://a.espncdn.com/i/teamlogos/ncaa/500-dark/2105.png
,,Carswell AFB,,,,,,,,,,,,,,,
,,Carthage,,,Redmen,CAR,,CAR,Carthage,,,,,#000000,,http://a.espncdn.com/i/teamlogos/ncaa/500/2106.png,http://a.espncdn.com/i/teamlogos/ncaa/500-dark/2106.png
,,Casa Blanca Indians,,,,,,,,,,,,,,,
,,Case,,,,,,,,,,,,,,,
,,Case Western Reserve,,,Spartans,CSR,,CSR,Case West Reserve,,,,,#000000,,http://a.espncdn.com/i/teamlogos/ncaa/500/2963.png,http://a.espncdn.com/i/teamlogos/ncaa/500-dark/2963.png
,,Castle Heights,,,,,,,,,,,,,,,
,,Castleton State College,,,Spartans,CAS,,CAS,Castleton St ,,,,,#000000,,http://a.espncdn.com/i/teamlogos/ncaa/500/293.png,http://a.espncdn.com/i/teamlogos/ncaa/500-dark/293.png
,,Catawba,,,Indians,CAT,,CAT,Catawba,,,,,#000000,,http://a.espncdn.com/i/teamlogos/ncaa/500/2107.png,http://a.espncdn.com/i/teamlogos/ncaa/500-dark/2107.png
,,Catawba College,,,,,,,,,,,,,,,
,,Catholic,,,,,,,,,,,,,,,
,,Catholic University,,,Cardinals,CATH,,CATH,Catholic Univ.,,,,,#000000,,http://a.espncdn.com/i/teamlogos/ncaa/500/2108.png,http://a.espncdn.com/i/teamlogos/ncaa/500-dark/2108.png
,,Centenary (LA),,,Gents,,,,Centenary (LA),,,,,,,,
,,Centerville (Butte),,,,,,,,,,,,,,,
,,Central,,,Dutch,CEN,,CEN,Central,,,,,#000000,,http://a.espncdn.com/i/teamlogos/ncaa/500/2964.png,http://a.espncdn.com/i/teamlogos/ncaa/500-dark/2964.png
,,Central (Iowa),,,,,,,,,,,,,,,
,,Central (Kentucky),,,,,,,,,,,,,,,
,,Central Academy,,,,,,,,,,,,,,,
,,Central Methodist,,,Eagles,CDF,,CDF,Cent Methodist,,,,,#000000,,http://a.espncdn.com/i/teamlogos/ncaa/500/2860.png,http://a.espncdn.com/i/teamlogos/ncaa/500-dark/2860.png
,,Central Oklahoma,,,Bronchos,CEN,,CEN,Cent Oklahoma,,,,,#000000,,http://a.espncdn.com/i/teamlogos/ncaa/500/2122.png,http://a.espncdn.com/i/teamlogos/ncaa/500-dark/2122.png
,,Central State,,,Marauders,CCI,,CCI,Central St,,,,,#000000,,http://a.espncdn.com/i/teamlogos/ncaa/500/2119.png,http://a.espncdn.com/i/teamlogos/ncaa/500-dark/2119.png
,,Central Washington,,,Wildcats,CEN,,CEN,Cent Washington,,,,,#000000,,http://a.espncdn.com/i/teamlogos/ncaa/500/2120.png,http://a.espncdn.com/i/teamlogos/ncaa/500-dark/2120.png
,,Centre,,,Colonels,CEN,,CEN,Centre,,,,,#000000,,http://a.espncdn.com/i/teamlogos/ncaa/500/2121.png,http://a.espncdn.com/i/teamlogos/ncaa/500-dark/2121.png
,,Chadron State,,,Eagles,CHA,,CHA,Chadron St,,,,,#000000,,http://a.espncdn.com/i/teamlogos/ncaa/500/2123.png,http://a.espncdn.com/i/teamlogos/ncaa/500-dark/2123.png
,,Chamberlain Hunt,,,,,,,,,,,,,,,
,,Chanute Field,,,,,,,,,,,,,,,
,,Chapman,,,Panthers,CHA,,CHA,Chapman,,,,,#000000,,http://a.espncdn.com/i/teamlogos/ncaa/500/411.png,http://a.espncdn.com/i/teamlogos/ncaa/500-dark/411.png
,,Charles City,,,,,,,,,,,,,,,
,,Charleston (WV),,,Golden Eagles,CHA,,CHA,Charleston (WV),,,,,#000000,,http://a.espncdn.com/i/teamlogos/ncaa/500/2128.png,http://a.espncdn.com/i/teamlogos/ncaa/500-dark/2128.png
,,Charleston Coast Guard,,,,,,,,,,,,,,,
,,Charleston Navy,,,,,,,,,,,,,,,
,,Chatham Field,,,,,,,,,,,,,,,
,,Chemawa,,,,,,,,,,,,,,,
,,Cherry Point Marines,,,,,,,,,,,,,,,
,,Cheyenne High,,,,,,,,,,,,,,,
,,Cheyney,,,Wolves,CHE,,CHE,Cheyney,,,,,#000000,,http://a.espncdn.com/i/teamlogos/ncaa/500/2129.png,http://a.espncdn.com/i/teamlogos/ncaa/500-dark/2129.png
,,Chicago,,,Maroons,CHI,,CHI,Chicago,,,,,#000000,,http://a.espncdn.com/i/teamlogos/ncaa/500/80.png,http://a.espncdn.com/i/teamlogos/ncaa/500-dark/80.png
,,Chicago A.C.,,,,,,,,,,,,,,,
,,Chicago Alumni,,,,,,,,,,,,,,,
,,Chicago College,,,,,,,,,,,,,,,
,,Chicago Dental,,,,,,,,,,,,,,,
,,Chicago Dining Club,,,,,,,,,,,,,,,
,,Chicago Medical,,,,,,,,,,,,,,,
,,Chicago Naval Reserve,,,,,,,,,,,,,,,
,,Chicago YMCA,,,,,,,,,,,,,,,
,,Chick Springs Military,,,,,,,,,,,,,,,
,,Chilocco,,,,,,,,,,,,,,,
,,Chowan,,,Braves,CHO,,CHO,Chowan,,,,,#000000,,http://a.espncdn.com/i/teamlogos/ncaa/500/2804.png,http://a.espncdn.com/i/teamlogos/ncaa/500-dark/2804.png
,,Christian Brothers,,,,,,,,,,,,,,,
,,Christopher Newport,,,Captains,CHR,,CHR,Christopher Newport,,,,,#000000,,http://a.espncdn.com/i/teamlogos/ncaa/500/3112.png,http://a.espncdn.com/i/teamlogos/ncaa/500-dark/3112.png
,,City College of New York,,,,,,,,,,,,,,,
,,Claremont,,,Stags,CLA,,CLA,Claremont,,,,,#000000,,http://a.espncdn.com/i/teamlogos/ncaa/500/17.png,http://a.espncdn.com/i/teamlogos/ncaa/500-dark/17.png
,,Clarion,,,Golden Eagles,CLA,,CLA,Clarion,,,,,#000000,,http://a.espncdn.com/i/teamlogos/ncaa/500/2134.png,http://a.espncdn.com/i/teamlogos/ncaa/500-dark/2134.png
,,Clark Atlanta,,,Panthers,CLK,,CLK,Clark Atlanta,,,,,#000000,,http://a.espncdn.com/i/teamlogos/ncaa/500/2805.png,http://a.espncdn.com/i/teamlogos/ncaa/500-dark/2805.png
,,Clarke Memorial,,,,,,,,,,,,,,,
,,Clemson Freshmen,,,,,,,,,,,,,,,
,,Cleveland Naval Reserves,,,,,,,,,,,,,,,
,,Coast Guard,,,Bears,COA,,COA,Coast Guard,,,,,#000000,,http://a.espncdn.com/i/teamlogos/ncaa/500/2557.png,http://a.espncdn.com/i/teamlogos/ncaa/500-dark/2557.png
,,Coe,,,Kohawks,COE,,COE,Coe College,,,,,#000000,,http://a.espncdn.com/i/teamlogos/ncaa/500/2141.png,http://a.espncdn.com/i/teamlogos/ncaa/500-dark/2141.png
,,Colby,,,White Mules,COL,,COL,Colby,,,,,#000000,,http://a.espncdn.com/i/teamlogos/ncaa/500/33.png,http://a.espncdn.com/i/teamlogos/ncaa/500-dark/33.png
,,College All-Stars,,,,,,,,,,,,,,,
,,College of Faith,,,Warriors,FAI,,FAI,Faith-Arkansas,,,,,,,http://a.espncdn.com/i/teamlogos/ncaa/500/3211.png,http://a.espncdn.com/i/teamlogos/ncaa/500-dark/3211.png
,,College of Faith - Charlotte,,,Saints,COFC,,COFC,Faith-Charlotte,,,,,,,http://a.espncdn.com/i/teamlogos/ncaa/500/3253.png,http://a.espncdn.com/i/teamlogos/ncaa/500-dark/3253.png
,,College of Idaho,,,Yotes,COI,,COI,College of Idaho,,,,,,,,
,,College of New Jersey,,,Lions,CNJ,,CNJ,College of NJ,,,,,#000000,,http://a.espncdn.com/i/teamlogos/ncaa/500/2442.png,http://a.espncdn.com/i/teamlogos/ncaa/500-dark/2442.png
,,Colorado Alumni,,,,,,,,,,,,,,,
,,Colorado College Alumni,,,,,,,,,,,,,,,
,,Colorado Mesa,,,Mavericks,MESA,,MESA,Colorado Mesa,,,,,#000000,,http://a.espncdn.com/i/teamlogos/ncaa/500/11.png,http://a.espncdn.com/i/teamlogos/ncaa/500-dark/11.png
,,Colorado Mines,,,Orediggers,COL,,COL,Colorado Mines,,,,,#000000,,http://a.espncdn.com/i/teamlogos/ncaa/500/2146.png,http://a.espncdn.com/i/teamlogos/ncaa/500-dark/2146.png
,,Colorado Springs Field,,,,,,,,,,,,,,,
,,Colorado Springs High,,,,,,,,,,,,,,,
,,Colorado State Freshmen,,,,,,,,,,,,,,,
,,Colorado State-Pueblo,,,Thunderwolves,CSUP,,CSUP,Colorado St-Pueblo,,,,,#000000,,http://a.espncdn.com/i/teamlogos/ncaa/500/2570.png,http://a.espncdn.com/i/teamlogos/ncaa/500-dark/2570.png
,,Columbia (Oregon),,,,,,,,,,,,,,,
,,Columbia A.C.,,,,,,,,,,,,,,,
,,Columbia Alumni,,,,,,,,,,,,,,,
,,Columbia College,,,,,,,,,,,,,,,
,,Columbia Law,,,,,,,,,,,,,,,
,,Columbia YMCA,,,,,,,,,,,,,,,
,,Company I,,,,,,,,,,,,,,,
,,Concord,,,Mountain Lions,CON,,CON,Concord,,,,,#000000,,http://a.espncdn.com/i/teamlogos/ncaa/500/2148.png,http://a.espncdn.com/i/teamlogos/ncaa/500-dark/2148.png
,,Concordia (AL),,,Hornets,CON,,CON,Concordia Col.,,,,,,,http://a.espncdn.com/i/teamlogos/ncaa/500/3099.png,http://a.espncdn.com/i/teamlogos/ncaa/500-dark/3099.png
,,Concordia (IL),,,Cougars,CON,,CON,Concordia (IL),,,,,#000000,,http://a.espncdn.com/i/teamlogos/ncaa/500/2151.png,http://a.espncdn.com/i/teamlogos/ncaa/500-dark/2151.png
,,Concordia (MN),,,Cobbers,CON,,CON,Concordia (MN),,,,,#000000,,http://a.espncdn.com/i/teamlogos/ncaa/500/2152.png,http://a.espncdn.com/i/teamlogos/ncaa/500-dark/2152.png
,,Concordia (WI),,,Falcons,CON,,CON,Concordia (WI),,,,,#000000,,http://a.espncdn.com/i/teamlogos/ncaa/500/409.png,http://a.espncdn.com/i/teamlogos/ncaa/500-dark/409.png
,,Concordia College (MI),,,Cardinals,CMI,,CMI,Concordia  (MI),,,,,#000000,,http://a.espncdn.com/i/teamlogos/ncaa/500/2985.png,http://a.espncdn.com/i/teamlogos/ncaa/500-dark/2985.png
,,Concordia-St. Paul,,,Golden Bears,CON,,CON,Concordia-St. Paul,,,,,#000000,,http://a.espncdn.com/i/teamlogos/ncaa/500/3066.png,http://a.espncdn.com/i/teamlogos/ncaa/500-dark/3066.png
,,Connecticut Literary,,,,,,,,,,,,,,,
,,Connecticut-Waterbury,,,,,,,,,,,,,,,
,,Conway Hall,,,,,,,,,,,,,,,
,,Cornell College (IA),,,Rams,COR,Cornell College,COR,Cornell  (IA),,,,,#000000,,http://a.espncdn.com/i/teamlogos/ncaa/500/2155.png,http://a.espncdn.com/i/teamlogos/ncaa/500-dark/2155.png
,,Corpus Christi NAS,,,,,,,,,,,,,,,
,,Cortland State,,,,,,,,,,,,,,,
,,Cotton City A.C.,,,,,,,,,,,,,,,
,,Crane J.C.,,,,,,,,,,,,,,,
181002,Creighton University,Creighton,,,Bluejays,,,,Creighton,,,,,,,,
,,Crescent A.C.,,,,,,,,,,,,,,,
,,Crown College,,,Storm,CRO,,CRO,Crown College,,,,,#000000,,http://a.espncdn.com/i/teamlogos/ncaa/500/509.png,http://a.espncdn.com/i/teamlogos/ncaa/500-dark/509.png
,,Culver,,,,,,,,,,,,,,,
,,Culver-Stockton,,,Wildcats,CUL,,CUL,Culver-Stockton Coll,,,,,,,http://a.espncdn.com/i/teamlogos/ncaa/500/510.png,http://a.espncdn.com/i/teamlogos/ncaa/500-dark/510.png
,,Cumberland,,,Bulldogs,CUM,,CUM,Cumb (TN),,,,,,,http://a.espncdn.com/i/teamlogos/ncaa/500/2161.png,http://a.espncdn.com/i/teamlogos/ncaa/500-dark/2161.png
,,Cumberland College,,,Indians,CUM,,CUM,Cumberland ,,,,,#000000,,http://a.espncdn.com/i/teamlogos/ncaa/500/511.png,http://a.espncdn.com/i/teamlogos/ncaa/500-dark/511.png
,,Curry,,,Colonels,CUR,,CUR,Curry,,,,,#000000,,http://a.espncdn.com/i/teamlogos/ncaa/500/40.png,http://a.espncdn.com/i/teamlogos/ncaa/500-dark/40.png
,,Curtis Bay Coast Guard,,,,,,,,,,,,,,,
,,Dakota State,,,Trojans,DSU,,DSU,Dakota St,,,,,#000000,,http://a.espncdn.com/i/teamlogos/ncaa/500/512.png,http://a.espncdn.com/i/teamlogos/ncaa/500-dark/512.png
,,Dakota Wesleyan,,,Tigers,DWU,,DWU,Dakota Wesleyan,,,,,,,http://a.espncdn.com/i/teamlogos/ncaa/500/513.png,http://a.espncdn.com/i/teamlogos/ncaa/500-dark/513.png
,,Dalhart Field,,,,,,,,,,,,,,,
,,Dallas,,,,,,,,,,,,,,,
,,Daniel Baker,,,,,,,,,,,,,,,
,,Daniel Field,,,,,,,,,,,,,,,
,,Davis & Elkins,,,,,,,,,,,,,,,
,,Dean Academy,,,,,,,,,,,,,,,
,,Decatur Baptist,,,,,,,,,,,,,,,
,,Defiance,,,Yellow Jackets,DEF,,DEF,Defiance,,,,,#000000,,http://a.espncdn.com/i/teamlogos/ncaa/500/190.png,http://a.espncdn.com/i/teamlogos/ncaa/500-dark/190.png
,,Del Monte Pre-Flight,,,Navyators,,,,Del Monte Pre-Flight,,,,,,,,
,,Delaware Valley,,,Aggies,DV,,DV,Delaware Valley,,,,,#000000,,http://a.espncdn.com/i/teamlogos/ncaa/500/2808.png,http://a.espncdn.com/i/teamlogos/ncaa/500-dark/2808.png
,,Delta State,,,Statesmen,DEL,,DEL,Delta St,,,,,#000000,,http://a.espncdn.com/i/teamlogos/ncaa/500/2170.png,http://a.espncdn.com/i/teamlogos/ncaa/500-dark/2170.png
,,Denison,,,Big Red,DEN,,DEN,Denison,,,,,#000000,,http://a.espncdn.com/i/teamlogos/ncaa/500/2171.png,http://a.espncdn.com/i/teamlogos/ncaa/500-dark/2171.png
,,Denver A.C.,,,,,,,,,,,,,,,
,,Denver Alumni,,,,,,,,,,,,,,,
,,Denver Freshmen,,,,,,,,,,,,,,,
,,Denver Manual High,,,,,,,,,,,,,,,
,,DePauw,,,Tigers,DEP,,DEP,DePauw,,,,,#000000,,http://a.espncdn.com/i/teamlogos/ncaa/500/83.png,http://a.espncdn.com/i/teamlogos/ncaa/500-dark/83.png
,,Des Moines,,,,,,,,,,,,,,,
,,Des Moines Baptist,,,,,,,,,,,,,,,
,,Detroit A.C.,,,,,,,,,,,,,,,
,,Dickinson,,,Red Devils,DIC,,DIC,Dickinson,,,,,#000000,,http://a.espncdn.com/i/teamlogos/ncaa/500/2175.png,http://a.espncdn.com/i/teamlogos/ncaa/500-dark/2175.png
,,Dickinson Seminary,,,,,,,,,,,,,,,
,,Dickinson State,,,Blue Hawks,DIC,,DIC,Dickinson St,,,,,#000000,,http://a.espncdn.com/i/teamlogos/ncaa/500/316.png,http://a.espncdn.com/i/teamlogos/ncaa/500-dark/316.png
,,Dixie,,,,,,,,,,,,,,,
,,Dixie State,,,Red Storm,DIX,,DIX,Dixie St,,,,,#000000,,http://a.espncdn.com/i/teamlogos/ncaa/500/3101.png,http://a.espncdn.com/i/teamlogos/ncaa/500-dark/3101.png
,,Dixon,,,,,,,,,,,,,,,
,,Doane,,,,,,,,,,,,,,,
,,Drake Alumni,,,,,,,,,,,,,,,
,,Drury,,,Panthers,,,,Drury,,,,,,,,
,,Dubuque,,,Spartans,DUB,,DUB,Dubuque,,,,,#000000,,http://a.espncdn.com/i/teamlogos/ncaa/500/49.png,http://a.espncdn.com/i/teamlogos/ncaa/500-dark/49.png
,,Duquesne A.C.,,,,,,,,,,,,,,,
,,Earlham,,,Quakers,EAR,,EAR,Earlham,,,,,#000000,,http://a.espncdn.com/i/teamlogos/ncaa/500/2189.png,http://a.espncdn.com/i/teamlogos/ncaa/500-dark/2189.png
,,East Central,,,Tigers,EAS,,EAS,East Central,,,,,#000000,,http://a.espncdn.com/i/teamlogos/ncaa/500/2191.png,http://a.espncdn.com/i/teamlogos/ncaa/500-dark/2191.png
,,East Central Oklahoma,,,,,,,,,,,,,,,
,,East Denver High,,,,,,,,,,,,,,,
,,East Des Moines High,,,,,,,,,,,,,,,
,,East Texas Baptist,,,Tigers,EAS,,EAS,E Texas Baptist,,,,,#000000,,http://a.espncdn.com/i/teamlogos/ncaa/500/2194.png,http://a.espncdn.com/i/teamlogos/ncaa/500-dark/2194.png
,,Eastern (Virginia),,,,,,,,,,,,,,,
,,Eastern Arizona J.C.,,,,,,,,,,,,,,,
,,Eastern New Mexico,,,Greyhounds,EAS,,EAS,E New Mexico,,,,,#000000,,http://a.espncdn.com/i/teamlogos/ncaa/500/2201.png,http://a.espncdn.com/i/teamlogos/ncaa/500-dark/2201.png
,,Eastern Oregon,,,Mountaineers,EAS,,EAS,E Oregon,,,,,,,http://a.espncdn.com/i/teamlogos/ncaa/500/2202.png,http://a.espncdn.com/i/teamlogos/ncaa/500-dark/2202.png
,,Edinboro,,,Fighting Scots,EDI,,EDI,Edinboro,,,,,#000000,,http://a.espncdn.com/i/teamlogos/ncaa/500/2205.png,http://a.espncdn.com/i/teamlogos/ncaa/500-dark/2205.png
,,Edmond Tech,,,,,,,,,,,,,,,
,,Edmonton Field,,,,,,,,,,,,,,,
,,Edward Waters,,,,,,,,,,,,,,,
,,El Paso National Guard,,,,,,,,,,,,,,,
,,El Toro Marines,,,,,,,,,,,,,,,
,,Elgin Academy,,,,,,,,,,,,,,,
,,Elizabeth A.C.,,,,,,,,,,,,,,,
,,Elizabeth City State,,,Vikings,ELI,,ELI,Elizabeth City St,,,,,#000000,,http://a.espncdn.com/i/teamlogos/ncaa/500/2207.png,http://a.espncdn.com/i/teamlogos/ncaa/500-dark/2207.png
,,Ellensburg,,,,,,,,,,,,,,,
,,Ellington Field,,,,,,,,,,,,,,,
,,Ellsworth,,,,,,,,,,,,,,,
,,Elmhurst,,,Blue Jays,ELM,,ELM,Elmhurst,,,,,#000000,,http://a.espncdn.com/i/teamlogos/ncaa/500/72.png,http://a.espncdn.com/i/teamlogos/ncaa/500-dark/72.png
,,Emory & Henry,,,Wasps,EMO,,EMO,Emory & Henry,,,,,#000000,,http://a.espncdn.com/i/teamlogos/ncaa/500/2213.png,http://a.espncdn.com/i/teamlogos/ncaa/500-dark/2213.png
,,Emporia College,,,,,,,,,,,,,,,
,,Emporia State,,,Hornets,EMP,,EMP,Emporia St,,,,,#000000,,http://a.espncdn.com/i/teamlogos/ncaa/500/2214.png,http://a.espncdn.com/i/teamlogos/ncaa/500-dark/2214.png
,,Endicott College,,,Gulls,END,,END,Endicott ,,,,,#000000,,http://a.espncdn.com/i/teamlogos/ncaa/500/452.png,http://a.espncdn.com/i/teamlogos/ncaa/500-dark/452.png
,,Englewood,,,,,,,,,,,,,,,
,,Englewood High,,,,,,,,,,,,,,,
,,Englewood YMCA,,,,,,,,,,,,,,,
,,Erie Community College,,,Kats,ECC,,ECC,Erie Community,,,,,,,http://a.espncdn.com/i/teamlogos/ncaa/500/3236.png,http://a.espncdn.com/i/teamlogos/ncaa/500-dark/3236.png
,,Erskine,,,The Flying Fleet,,,,Erskine,,,,,,,,
,,Eton,,,,,,,,,,,,,,,
,,Eureka,,,,,,,,,,,,,,,
,,Eureka College,,,Red Devils,EUR,,EUR,Eureka College,,,,,#000000,,http://a.espncdn.com/i/teamlogos/ncaa/500/101.png,http://a.espncdn.com/i/teamlogos/ncaa/500-dark/101.png
,,Evangel,,,Crusaders,EVA,,EVA,Evangel,,,,,,,http://a.espncdn.com/i/teamlogos/ncaa/500/2865.png,http://a.espncdn.com/i/teamlogos/ncaa/500-dark/2865.png
,,Evanston High,,,,,,,,,,,,,,,
,,Exeter,,,,,,,,,,,,,,,
,,F.A.A.,,,,,,,,,,,,,,,
,,Fall River,,,,,,,,,,,,,,,
,,Falls of Schuylkill,,,,,,,,,,,,,,,
,,Farragut Navy,,,,,,,,,,,,,,,
,,Faulkner,,,Eagles,FAU,,FAU,Faulkner,,,,,#000000,,http://a.espncdn.com/i/teamlogos/ncaa/500/2219.png,http://a.espncdn.com/i/teamlogos/ncaa/500-dark/2219.png
,,Fayetteville State,,,Broncos,FAY,,FAY,Fayetteville St,,,,,#000000,,http://a.espncdn.com/i/teamlogos/ncaa/500/2220.png,http://a.espncdn.com/i/teamlogos/ncaa/500-dark/2220.png
,,FDU-Florham,,,Devils,FDU,,FDU,FDU-Florham,,,,,#000000,,http://a.espncdn.com/i/teamlogos/ncaa/500/2221.png,http://a.espncdn.com/i/teamlogos/ncaa/500-dark/2221.png
,,Ferrum,,,Panthers,FER,,FER,Ferrum,,,,,#000000,,http://a.espncdn.com/i/teamlogos/ncaa/500/366.png,http://a.espncdn.com/i/teamlogos/ncaa/500-dark/366.png
,,Findlay,,,Oilers,FIN,,FIN,Findlay,,,,,#000000,,http://a.espncdn.com/i/teamlogos/ncaa/500/2224.png,http://a.espncdn.com/i/teamlogos/ncaa/500-dark/2224.png
,,Finlandia University,,,Lions,FINL,,FINL,Finlandia,,,,,,,,
,,Fishburne M.A.,,,,,,,,,,,,,,,
,,Fitchburg State,,,Falcons,FIT,,FIT,Fitchburg St,,,,,#000000,,http://a.espncdn.com/i/teamlogos/ncaa/500/114.png,http://a.espncdn.com/i/teamlogos/ncaa/500-dark/114.png
,,Fitchburg YMCA,,,,,,,,,,,,,,,
,,Fleet City,,,,,,,,,,,,,,,
,,Florence YMCA,,,,,,,,,,,,,,,
,,Florida Southern,,,,,,,,,,,,,,,
,,Florida Tech,,,Panthers,FLTH,,FLTH,Florida Tech,,,,,#000000,,http://a.espncdn.com/i/teamlogos/ncaa/500/53.png,http://a.espncdn.com/i/teamlogos/ncaa/500-dark/53.png
,,Fort Benning,,,Doughboys,,,,Fort Benning,,,,,,,,
,,Fort Bliss,,,,,,,,,,,,,,,
,,Fort Bragg,,,,,,,,,,,,,,,
,,Fort Des Moines,,,,,,,,,,,,,,,
,,Fort Douglas,,,,,,,,,,,,,,,
,,Fort Ethan Allen,,,,,,,,,,,,,,,
,,Fort Hays State,,,Tigers,FHSU,,FHSU,Fort Hays St,,,,,#000000,,http://a.espncdn.com/i/teamlogos/ncaa/500/2231.png,http://a.espncdn.com/i/teamlogos/ncaa/500-dark/2231.png
,,Fort Jackson,,,,,,,,,,,,,,,
,,Fort Knox,,,,,,,,,,,,,,,
,,Fort Leavenworth,,,,,,,,,,,,,,,
,,Fort Lewis,,,Skyhawks,FOR,,FOR,Fort Lewis,,,,,#000000,,http://a.espncdn.com/i/teamlogos/ncaa/500/2237.png,http://a.espncdn.com/i/teamlogos/ncaa/500-dark/2237.png
,,Fort Lewis College,,,,,,,,,,,,,,,
,,Fort Monmouth,,,,,,,,,,,,,,,
,,Fort Monroe,,,,,,,,,,,,,,,
,,Fort Oglethorpe,,,,,,,,,,,,,,,
,,Fort Ord,,,,,,,,,,,,,,,
,,Fort Pierce,,,,,,,,,,,,,,,
,,Fort Riley,,,Centaurs,,,,Fort Riley,,,,,,,,
,,Fort Sheridan,,,,,,,,,,,,,,,
,,Fort Totten,,,,,,,,,,,,,,,
,,Fort Valley State,,,Wildcats,FOR,,FOR,Fort Valley St,,,,,#000000,,http://a.espncdn.com/i/teamlogos/ncaa/500/2232.png,http://a.espncdn.com/i/teamlogos/ncaa/500-dark/2232.png
,,Fort Warren,,,Broncos,,,,Fort Warren,,,,,,,,
,,Fort Worth,,,,,,,,,,,,,,,
,,Foundation,,,,,,,,,,,,,,,
,,Framingham State,,,Rams,FRA,,FRA,Framingham St,,,,,#000000,,http://a.espncdn.com/i/teamlogos/ncaa/500/2967.png,http://a.espncdn.com/i/teamlogos/ncaa/500-dark/2967.png
,,Franklin,,,Grizzlies,FRA,,FRA,Franklin,,,,,#000000,,http://a.espncdn.com/i/teamlogos/ncaa/500/2233.png,http://a.espncdn.com/i/teamlogos/ncaa/500-dark/2233.png
,,Franklin & Marshall,,,Diplomats,F&M,,F&M,Franklin & Marshall,,,,,#000000,,http://a.espncdn.com/i/teamlogos/ncaa/500/2234.png,http://a.espncdn.com/i/teamlogos/ncaa/500-dark/2234.png
,,Frederick,,,,,,,,,,,,,,,
,,Freeport High,,,,,,,,,,,,,,,
,,Fremont Ammuntion,,,,,,,,,,,,,,,
,,Fresno State JV,,,,,,,,,,,,,,,
,,Friends,,,,,,,,,,,,,,,
,,Frostburg State,,,Bobcats,FRO,,FRO,Frostburg St,,,,,#000000,,http://a.espncdn.com/i/teamlogos/ncaa/500/341.png,http://a.espncdn.com/i/teamlogos/ncaa/500-dark/341.png
,,Gallaudet,,,Bison,GAL,,GAL,Gallaudet,,,,,#000000,,http://a.espncdn.com/i/teamlogos/ncaa/500/417.png,http://a.espncdn.com/i/teamlogos/ncaa/500-dark/417.png
,,Galveston Field,,,,,,,,,,,,,,,
,,Gannon,,,Golden Knights,GAN,,GAN,Gannon,,,,,#000000,,http://a.espncdn.com/i/teamlogos/ncaa/500/367.png,http://a.espncdn.com/i/teamlogos/ncaa/500-dark/367.png
,,Garden City,,,,,,,,,,,,,,,
,,Geneva,,,,,,,,,,,,,,,
,,Geneva College,,,Golden Tornadoes,GEN,,GEN,Geneva College,,,,,#000000,,http://a.espncdn.com/i/teamlogos/ncaa/500/2242.png,http://a.espncdn.com/i/teamlogos/ncaa/500-dark/2242.png
,,George Fox University,,,Bruins,GFU,,GFU,George Fox,,,,,,,http://a.espncdn.com/i/teamlogos/ncaa/500/415.png,http://a.espncdn.com/i/teamlogos/ncaa/500-dark/415.png
,,Georgetown (Kentucky),,,,,,,,,,,,,,,
,,Georgia B,,,,,,,,,,,,,,,
,,Georgia Medical,,,,,,,,,,,,,,,
,,Georgia Pre-Flight,,,Skycrackers,,,,Georgia Pre-Flight,,,,,,,,
,,Georgia Tech B,,,,,,,,,,,,,,,
,,Gettysburg,,,Bullets,GET,,GET,Gettysburg,,,,,#000000,,http://a.espncdn.com/i/teamlogos/ncaa/500/2248.png,http://a.espncdn.com/i/teamlogos/ncaa/500-dark/2248.png
,,Glenville State,,,Pioneers,GLE,,GLE,Glenville St,,,,,#000000,,http://a.espncdn.com/i/teamlogos/ncaa/500/2249.png,http://a.espncdn.com/i/teamlogos/ncaa/500-dark/2249.png
,,Goat Island Navy,,,,,,,,,,,,,,,
,,Golden High,,,,,,,,,,,,,,,
,,Gonzaga Alumni,,,,,,,,,,,,,,,
,,Gordon,,,,,,,,,,,,,,,
,,Goshen,,,,,,,,,,,,,,,
,,Graceland University,,,Yellowjackets,GRC,,GRC,Graceland University,,,,,#000000,,http://a.espncdn.com/i/teamlogos/ncaa/500/530.png,http://a.espncdn.com/i/teamlogos/ncaa/500-dark/530.png
,,Grand Island,,,,,,,,,,,,,,,
,,Grand Rapids High,,,,,,,,,,,,,,,
,,Grand Valley State,,,Lakers,GVSU,,GVSU,Grand Valley St,,,,,#000000,,http://a.espncdn.com/i/teamlogos/ncaa/500/125.png,http://a.espncdn.com/i/teamlogos/ncaa/500-dark/125.png
,,Granite High,,,,,,,,,,,,,,,
,,Great Lakes Navy,,,Bluejackets,,,,Great Lakes Navy,,,,,,,,
,,Greenfield,,,,,,,,,,,,,,,
,,Greensboro Field,,,,,,,,,,,,,,,
,,Greenville,,,Panthers,GRE,,GRE,Greenville,,,,,#000000,,http://a.espncdn.com/i/teamlogos/ncaa/500/2257.png,http://a.espncdn.com/i/teamlogos/ncaa/500-dark/2257.png
,,Greenville Field,,,,,,,,,,,,,,,
,,Greer,,,,,,,,,,,,,,,
,,Grinnell,,,Pioneers,GRI,,GRI,Grinnell,,,,,#000000,,http://a.espncdn.com/i/teamlogos/ncaa/500/65.png,http://a.espncdn.com/i/teamlogos/ncaa/500-dark/65.png
,,Grinnell Alumni,,,,,,,,,,,,,,,
,,Grinnell High,,,,,,,,,,,,,,,
,,Grove City,,,,,,,,,,,,,,,
,,Grove City College,,,Wolverines,GRO,,GRO,Grove City ,,,,,#000000,,http://a.espncdn.com/i/teamlogos/ncaa/500/146.png,http://a.espncdn.com/i/teamlogos/ncaa/500-dark/146.png
,,Guilford,,,Quakers,GUI,,GUI,Guilford,,,,,#000000,,http://a.espncdn.com/i/teamlogos/ncaa/500/2258.png,http://a.espncdn.com/i/teamlogos/ncaa/500-dark/2258.png
,,Gustavus Adolphus,,,Golden Gusties,GUS,,GUS,Gustavus Adolphus,,,,,#000000,,http://a.espncdn.com/i/teamlogos/ncaa/500/2968.png,http://a.espncdn.com/i/teamlogos/ncaa/500-dark/2968.png
,,Hahnemann Medical,,,,,,,,,,,,,,,
,,Hamilton,,,Continentals,HAM,,HAM,Hamilton,,,,,#000000,,http://a.espncdn.com/i/teamlogos/ncaa/500/348.png,http://a.espncdn.com/i/teamlogos/ncaa/500-dark/348.png
,,Hamilton A.C.,,,,,,,,,,,,,,,
,,Hamline,,,Fighting Pipers,HAM,,HAM,Hamline,,,,,#000000,,http://a.espncdn.com/i/teamlogos/ncaa/500/162.png,http://a.espncdn.com/i/teamlogos/ncaa/500-dark/162.png
,,Hampden-Sydney,,,Tigers,HAM,,HAM,Hampden-Sydney,,,,,#000000,,http://a.espncdn.com/i/teamlogos/ncaa/500/297.png,http://a.espncdn.com/i/teamlogos/ncaa/500-dark/297.png
,,Hampton A.C.,,,,,,,,,,,,,,,
,,Hampton Road,,,,,,,,,,,,,,,
,,Hanover,,,Panthers,HAN,,HAN,Hanover,,,,,#000000,,http://a.espncdn.com/i/teamlogos/ncaa/500/2262.png,http://a.espncdn.com/i/teamlogos/ncaa/500-dark/2262.png
,,Hardin-Simmons,,,Cowboys,HAR,,HAR,Hardin-Simmons,,,,,#000000,,http://a.espncdn.com/i/teamlogos/ncaa/500/2810.png,http://a.espncdn.com/i/teamlogos/ncaa/500-dark/2810.png
,,Harding,,,Bison,HAR,,HAR,Harding,,,,,#000000,,http://a.espncdn.com/i/teamlogos/ncaa/500/2264.png,http://a.espncdn.com/i/teamlogos/ncaa/500-dark/2264.png
,,Harrisburg A.C.,,,,,,,,,,,,,,,
,,Harry Hillman Academy,,,,,,,,,,,,,,,
,,Hartford,,,,,,,,,,,,,,,
,,Hartwick,,,Hawks,HAR,,HAR,Hartwick,,,,,#000000,,http://a.espncdn.com/i/teamlogos/ncaa/500/173.png,http://a.espncdn.com/i/teamlogos/ncaa/500-dark/173.png
,,Harvard Alumni,,,,,,,,,,,,,,,
,,Harvard B,,,,,,,,,,,,,,,
,,Harvard Freshmen,,,,,,,,,,,,,,,
,,Harvard Law,,,,,,,,,,,,,,,
,,Haskell,,,Indians,,,,Haskell,,,,,,,,
,,Haskell Indian Nations,,,Jayhawks,HAS,Haskell Indian Nations,HAS,Haskell Indian Natio,,,,,#000000,,http://a.espncdn.com/i/teamlogos/ncaa/500/535.png,http://a.espncdn.com/i/teamlogos/ncaa/500-dark/535.png
,,Hastings,,,,,,,,,,,,,,,
,,Hastings State,,,,,,,,,,,,,,,
,,Havana A.C.,,,,,,,,,,,,,,,
,,Havana University,,,,,,,,,,,,,,,
,,Haverford,,,Fords,,,,Haverford,,,,,,,,
,,Hawaii All-Stars,,,,,,,,,,,,,,,
,,Hayward State,,,,,,,,,,,,,,,
,,Hebron Academy,,,,,,,,,,,,,,,
,,Hedding,,,,,,,,,,,,,,,
,,Heidelberg,,,Student Princes,HEI,,HEI,Heidelberg,,,,,#000000,,http://a.espncdn.com/i/teamlogos/ncaa/500/191.png,http://a.espncdn.com/i/teamlogos/ncaa/500-dark/191.png
,,Henderson State,,,Reddies,HEN,,HEN,Henderson St,,,,,#000000,,http://a.espncdn.com/i/teamlogos/ncaa/500/2271.png,http://a.espncdn.com/i/teamlogos/ncaa/500-dark/2271.png
,,Hendrix College,,,Warriors,HEND,,HEND,Hendrix,,,,,,,http://a.espncdn.com/i/teamlogos/ncaa/500/418.png,http://a.espncdn.com/i/teamlogos/ncaa/500-dark/418.png
,,Herington Field,,,,,,,,,,,,,,,
,,Highland Park,,,,,,,,,,,,,,,
,,Hillsdale,,,Chargers,HIL,,HIL,Hillsdale,,,,,#000000,,http://a.espncdn.com/i/teamlogos/ncaa/500/2273.png,http://a.espncdn.com/i/teamlogos/ncaa/500-dark/2273.png
,,Hiram,,,Terriers,HIR,,HIR,Hiram,,,,,#000000,,http://a.espncdn.com/i/teamlogos/ncaa/500/2274.png,http://a.espncdn.com/i/teamlogos/ncaa/500-dark/2274.png
,,Hiwassee,,,,,,,,,,,,,,,
,,Hobart,,,Statesmen,HOB,,HOB,Hobart,,,,,#000000,,http://a.espncdn.com/i/teamlogos/ncaa/500/174.png,http://a.espncdn.com/i/teamlogos/ncaa/500-dark/174.png
,,Hoboken Navy,,,,,,,,,,,,,,,
,,Holland College,,,Hurricanes,HC,,HC,Holland College,,,,,,,,
,,Homestead A.C.,,,,,,,,,,,,,,,
,,Hondo Field,,,,,,,,,,,,,,,
,,Hope,,,Flying Dutchmen,HOP,,HOP,Hope,,,,,#000000,,http://a.espncdn.com/i/teamlogos/ncaa/500/2812.png,http://a.espncdn.com/i/teamlogos/ncaa/500-dark/2812.png
,,Hopkinson,,,,,,,,,,,,,,,
,,Horner,,,,,,,,,,,,,,,
,,Houston Baptist,,,Huskies,HBU,,HBU,Houston Baptist,,,,,#00539c,,http://a.espncdn.com/i/teamlogos/ncaa/500/2277.png,http://a.espncdn.com/i/teamlogos/ncaa/500-dark/2277.png
,,Houston YMCA,,,,,,,,,,,,,,,
,,Howard Payne,,,Yellow Jackets,HOW,,HOW,Howard Payne,,,,,#000000,,http://a.espncdn.com/i/teamlogos/ncaa/500/2758.png,http://a.espncdn.com/i/teamlogos/ncaa/500-dark/2758.png
,,Humboldt State,,,Lumberjacks,HUM,,HUM,Humboldt St,,,,,#000000,,http://a.espncdn.com/i/teamlogos/ncaa/500/2278.png,http://a.espncdn.com/i/teamlogos/ncaa/500-dark/2278.png
,,Huntingdon,,,Hawks,HUN,,HUN,Huntingdon,,,,,#000000,,http://a.espncdn.com/i/teamlogos/ncaa/500/2938.png,http://a.espncdn.com/i/teamlogos/ncaa/500-dark/2938.png
,,Husson,,,Eagles,HUS,,HUS,Husson,,,,,#000000,,http://a.espncdn.com/i/teamlogos/ncaa/500/2280.png,http://a.espncdn.com/i/teamlogos/ncaa/500-dark/2280.png
,,Hyde Park,,,,,,,,,,,,,,,
,,Hyde Park High,,,,,,,,,,,,,,,
,,Idaho Marines,,,,,,,,,,,,,,,
,,Illinois Alumni,,,,,,,,,,,,,,,
,,Illinois College,,,Blueboys,ILLC,,ILLC,Illinois College,,,,,#000000,,http://a.espncdn.com/i/teamlogos/ncaa/500/2286.png,http://a.espncdn.com/i/teamlogos/ncaa/500-dark/2286.png
,,Illinois Cycling Club,,,,,,,,,,,,,,,
,,Illinois Medical,,,,,,,,,,,,,,,
,,Illinois Wesleyan,,,Titans,ILL,,ILL,Illinois Wesleyan,,,,,#000000,,http://a.espncdn.com/i/teamlogos/ncaa/500/306.png,http://a.espncdn.com/i/teamlogos/ncaa/500-dark/306.png
,,Independence A.C.,,,,,,,,,,,,,,,
,,Indiana (PA),,,Crimson Hawks,IND,,IND,Indiana (PA),,,,,#000000,,http://a.espncdn.com/i/teamlogos/ncaa/500/2291.png,http://a.espncdn.com/i/teamlogos/ncaa/500-dark/2291.png
,,Indiana (Pennsylvania),,,,,,,,,,,,,,,
,,Indiana Alumni,,,,,,,,,,,,,,,
,,Indiana Medical,,,,,,,,,,,,,,,
,,Indianapolis Artillery,,,,,,,,,,,,,,,
,,Intermountain,,,,,,,,,,,,,,,
,,Iowa Pre-Flight,,,Seahawks,IPF,,IPF,Iowa Pre-Flight,,,,,,,,
,,Iowa Wesleyan,,,Tigers,IOW,,IOW,Iowa Wesleyan,,,,,#000000,,http://a.espncdn.com/i/teamlogos/ncaa/500/2295.png,http://a.espncdn.com/i/teamlogos/ncaa/500-dark/2295.png
,,Ithaca,,,Bombers,ITH,,ITH,Ithaca,,,,,#000000,,http://a.espncdn.com/i/teamlogos/ncaa/500/175.png,http://a.espncdn.com/i/teamlogos/ncaa/500-dark/175.png
,,Jackson Br.-New Orleans,,,,,,,,,,,,,,,
,,Jackson Field,,,,,,,,,,,,,,,
,,Jacksonville Naval Air Station,,,Flyers,,,,Jacksonville Naval Air Station,,,,,,,,
,,James Millikin,,,,,,,,,,,,,,,
,,Jamestown,,,Jimmies,JAM,,JAM,Jamestown,,,,,#000000,,http://a.espncdn.com/i/teamlogos/ncaa/500/2939.png,http://a.espncdn.com/i/teamlogos/ncaa/500-dark/2939.png
,,Jefferson,,,,,,,,,,,,,,,
,,Jefferson Medical,,,,,,,,,,,,,,,
,,Jersey Shore,,,,,,,,,,,,,,,
,,John Carroll,,,Blue Streaks,JOH,,JOH,John Carroll,,,,,#000000,,http://a.espncdn.com/i/teamlogos/ncaa/500/2302.png,http://a.espncdn.com/i/teamlogos/ncaa/500-dark/2302.png
,,Johns Hopkins,,,Blue Jays,JOH,,JOH,Johns Hopkins,,,,,#000000,,http://a.espncdn.com/i/teamlogos/ncaa/500/118.png,http://a.espncdn.com/i/teamlogos/ncaa/500-dark/118.png
,,Johnson C Smith,,,Golden Bulls,JOH,,JOH,Johnson C Smith,,,,,#000000,,http://a.espncdn.com/i/teamlogos/ncaa/500/2304.png,http://a.espncdn.com/i/teamlogos/ncaa/500-dark/2304.png
,,Juniata,,,Eagles,JUN,,JUN,Juniata,,,,,#000000,,http://a.espncdn.com/i/teamlogos/ncaa/500/246.png,http://a.espncdn.com/i/teamlogos/ncaa/500-dark/246.png
,,Kalamazoo,,,Hornets,KAL,,KAL,Kalamazoo,,,,,#000000,,http://a.espncdn.com/i/teamlogos/ncaa/500/126.png,http://a.espncdn.com/i/teamlogos/ncaa/500-dark/126.png
,,Kamehameha Alumni,,,,,,,,,,,,,,,
,,Kansas City A.C.,,,,,,,,,,,,,,,
,,Kansas City Medical,,,,,,,,,,,,,,,
,,Kansas City Veterinary,,,,,,,,,,,,,,,
,,Kansas Wesleyan,,,,,,,,,,,,,,,
,,Kansas Wesleyan University,,,Coyotes,KNW,,KNW,Kansas Wesleyan U,,,,,#000000,,http://a.espncdn.com/i/teamlogos/ncaa/500/547.png,http://a.espncdn.com/i/teamlogos/ncaa/500-dark/547.png
,,Kean,,,Cougars,KEA,,KEA,Kean,,,,,#000000,,http://a.espncdn.com/i/teamlogos/ncaa/500/2871.png,http://a.espncdn.com/i/teamlogos/ncaa/500-dark/2871.png
,,Kearney,,,,,,,,,,,,,,,
,,Kearney Field,,,,,,,,,,,,,,,
,,Keesler Field,,,,,,,,,,,,,,,
,,Kelly Field,,,,,,,,,,,,,,,
,,Kents Hill,,,,,,,,,,,,,,,
,,Kentucky Christian,,,Knights,KCU,,KCU,Kentucky Christian,,,,,#000000,,http://a.espncdn.com/i/teamlogos/ncaa/500/3077.png,http://a.espncdn.com/i/teamlogos/ncaa/500-dark/3077.png
,,Kentucky State,,,Thorobreds,KYS,,KYS,Kentucky St,,,,,#000000,,http://a.espncdn.com/i/teamlogos/ncaa/500/2310.png,http://a.espncdn.com/i/teamlogos/ncaa/500-dark/2310.png
,,Kentucky Wesleyan,,,Panthers,KYW,,KYW,Kentucky Wesleyan,,,,,#000000,,http://a.espncdn.com/i/teamlogos/ncaa/500/2316.png,http://a.espncdn.com/i/teamlogos/ncaa/500-dark/2316.png
,,Kenyon,,,Lords,KEN,,KEN,Kenyon,,,,,#000000,,http://a.espncdn.com/i/teamlogos/ncaa/500/352.png,http://a.espncdn.com/i/teamlogos/ncaa/500-dark/352.png
,,King,,,,,,,,,,,,,,,
,,King George,,,,,,,,,,,,,,,
,,King's College (PA),,,Monarchs,KIN,,KIN,King's  (PA),,,,,#000000,,http://a.espncdn.com/i/teamlogos/ncaa/500/247.png,http://a.espncdn.com/i/teamlogos/ncaa/500-dark/247.png
,,Kingfisher,,,,,,,,,,,,,,,
,,Kirtland Field,,,,,,,,,,,,,,,
,,Kiski Preparatory,,,,,,,,,,,,,,,
,,Knox College,,,Prairie Fire,KNO,Knox,KNO,Knox College,,,,,#000000,,http://a.espncdn.com/i/teamlogos/ncaa/500/255.png,http://a.espncdn.com/i/teamlogos/ncaa/500-dark/255.png
,,Kutztown,,,Golden Bears,KUT,,KUT,Kutztown,,,,,#000000,,http://a.espncdn.com/i/teamlogos/ncaa/500/2315.png,http://a.espncdn.com/i/teamlogos/ncaa/500-dark/2315.png
,,La Verne,,,Leopards,LAV,,LAV,La Verne,,,,,#000000,,http://a.espncdn.com/i/teamlogos/ncaa/500/2318.png,http://a.espncdn.com/i/teamlogos/ncaa/500-dark/2318.png
,,Lackland Field,,,,,,,,,,,,,,,
,,LaGrange College,,,Panthers,LAG,,LAG,LaGrange ,,,,,#000000,,http://a.espncdn.com/i/teamlogos/ncaa/500/548.png,http://a.espncdn.com/i/teamlogos/ncaa/500-dark/548.png
,,Lake Erie College,,,Storm,LKE,,LKE,Lake Erie ,,,,,#000000,,http://a.espncdn.com/i/teamlogos/ncaa/500/437.png,http://a.espncdn.com/i/teamlogos/ncaa/500-dark/437.png
,,Lake Forest,,,Foresters,LAK,,LAK,Lake Forest,,,,,#000000,,http://a.espncdn.com/i/teamlogos/ncaa/500/262.png,http://a.espncdn.com/i/teamlogos/ncaa/500-dark/262.png
,,Lake Forest Academy,,,,,,,,,,,,,,,
,,Lake Forest Alumni,,,,,,,,,,,,,,,
,,Lake View High,,,,,,,,,,,,,,,
,,Lakehurst NAS,,,,,,,,,,,,,,,
,,Lakeland University,,,Lakeland,LAKE,,LAKE,Lakeland,,,,,,,http://a.espncdn.com/i/teamlogos/ncaa/500/6353.png,http://a.espncdn.com/i/teamlogos/ncaa/500-dark/6353.png
,,Lambuth,,,Eagles,LAM,,LAM,Lambuth,,,,,#000000,,http://a.espncdn.com/i/teamlogos/ncaa/500/2321.png,http://a.espncdn.com/i/teamlogos/ncaa/500-dark/2321.png
,,Lancaster Crescents,,,,,,,,,,,,,,,
,,Lane,,,Dragons,LAN,,LAN,Lane,,,,,#000000,,http://a.espncdn.com/i/teamlogos/ncaa/500/2323.png,http://a.espncdn.com/i/teamlogos/ncaa/500-dark/2323.png
,,Langston,,,Lions,LAN,,LAN,Langston,,,,,,,http://a.espncdn.com/i/teamlogos/ncaa/500/2324.png,http://a.espncdn.com/i/teamlogos/ncaa/500-dark/2324.png
,,Lanier,,,,,,,,,,,,,,,
,,Laramie High,,,,,,,,,,,,,,,
,,Latrobe A.C.,,,,,,,,,,,,,,,
,,Laureate Boat Club,,,,,,,,,,,,,,,
,,Lawrence,,,Vikings,LAW,,LAW,Lawrence,,,,,#000000,,http://a.espncdn.com/i/teamlogos/ncaa/500/268.png,http://a.espncdn.com/i/teamlogos/ncaa/500-dark/268.png
,,Lawrenceville,,,,,,,,,,,,,,,
,,Lawton,,,,,,,,,,,,,,,
,,League Island Navy,,,,,,,,,,,,,,,
,,Leander Clarke,,,,,,,,,,,,,,,
,,Lebanon Valley,,,Flying Dutchmen,LEB,,LEB,Lebanon Valley,,,,,#000000,,http://a.espncdn.com/i/teamlogos/ncaa/500/388.png,http://a.espncdn.com/i/teamlogos/ncaa/500-dark/388.png
,,Lehigh A.C.,,,,,,,,,,,,,,,
,,Leilahau,,,,,,,,,,,,,,,
,,Lenoir-Rhyne,,,Bears,LEN,,LEN,Lenoir-Rhyne,,,,,#000000,,http://a.espncdn.com/i/teamlogos/ncaa/500/2331.png,http://a.espncdn.com/i/teamlogos/ncaa/500-dark/2331.png
,,Lewis & Clark,,,Pioneers,LEW,,LEW,Lewis & Clark,,,,,#000000,,http://a.espncdn.com/i/teamlogos/ncaa/500/2333.png,http://a.espncdn.com/i/teamlogos/ncaa/500-dark/2333.png
,,Lewisburg A.C.,,,,,,,,,,,,,,,
,,Lieutenants,,,,,,,,,,,,,,,
,,Limestone,,,Saints,LIM,,LIM,Limestone,,,,,,,http://a.espncdn.com/i/teamlogos/ncaa/500/2336.png,http://a.espncdn.com/i/teamlogos/ncaa/500-dark/2336.png
,,Lincoln,,,,,,,,,,,,,,,
,,Lincoln (MO),,,Blue Tigers,LIN,,LIN,Lincoln (MO),,,,,#000000,,http://a.espncdn.com/i/teamlogos/ncaa/500/2876.png,http://a.espncdn.com/i/teamlogos/ncaa/500-dark/2876.png
,,Lincoln (PA),,,Lions,LIN,,LIN,Lincoln (PA),,,,,#000000,,http://a.espncdn.com/i/teamlogos/ncaa/500/2339.png,http://a.espncdn.com/i/teamlogos/ncaa/500-dark/2339.png
,,Lincoln Field,,,,,,,,,,,,,,,
,,Lincoln High,,,,,,,,,,,,,,,
,,Lincoln Medical,,,,,,,,,,,,,,,
,,Lindenwood Belleville,,,Lynx,LIND,,LIND,Lindenwood Bell,,,,,,,http://a.espncdn.com/i/teamlogos/ncaa/500/3209.png,http://a.espncdn.com/i/teamlogos/ncaa/500-dark/3209.png
,,Lindsey Wilson,,,Blue Raiders,LIN,,LIN,Lindsey Wilson,,,,,,,http://a.espncdn.com/i/teamlogos/ncaa/500/2877.png,http://a.espncdn.com/i/teamlogos/ncaa/500-dark/2877.png
,,Linfield,,,Wildcats,LIN,,LIN,Linfield,,,,,#000000,,http://a.espncdn.com/i/teamlogos/ncaa/500/203.png,http://a.espncdn.com/i/teamlogos/ncaa/500-dark/203.png
,,LIU Post,,,Pioneers,LIU,,LIU,LIU Post,,,,,#000000,,http://a.espncdn.com/i/teamlogos/ncaa/500/2089.png,http://a.espncdn.com/i/teamlogos/ncaa/500-dark/2089.png
,,Livingstone,,,Blue Bears,LVI,,LVI,Livingstone,,,,,#000000,,http://a.espncdn.com/i/teamlogos/ncaa/500/2940.png,http://a.espncdn.com/i/teamlogos/ncaa/500-dark/2940.png
,,Lock Haven,,,Bald Eagles,LOC,,LOC,Lock Haven,,,,,#000000,,http://a.espncdn.com/i/teamlogos/ncaa/500/209.png,http://a.espncdn.com/i/teamlogos/ncaa/500-dark/209.png
,,Locust Grove,,,,,,,,,,,,,,,
,,Logan All-Stars,,,,,,,,,,,,,,,
,,Lombard,,,,,,,Lombard,,,,,,,,
,,Longmont High,,,,,,,,,,,,,,,
,,Loras,,,,,,,,,,,,,,,
,,Loras College,,,Duhawks ,LOR,,LOR,Loras College,,,,,#000000,,http://a.espncdn.com/i/teamlogos/ncaa/500/263.png,http://a.espncdn.com/i/teamlogos/ncaa/500-dark/263.png
,,Los Angeles A.C.,,,,,,,,,,,,,,,
,,Los Angeles Junior College,,,,,,,,,,,,,,,
,,Louisiana Army STU,,,,,,,,,,,,,,,
,,Louisiana College,,,Wildcats,LAC,,LAC,Louisiana ,,,,,#000000,,http://a.espncdn.com/i/teamlogos/ncaa/500/2347.png,http://a.espncdn.com/i/teamlogos/ncaa/500-dark/2347.png
,,Louisiana State Freshmen,,,,,,,,,,,,,,,
,,Louisville Field,,,,,,,,,,,,,,,
,,Love Field,,,,,,,,,,,,,,,
,,Lowry Field,,,,,,,,,,,,,,,
,,Loyola (LA),,,Wolfpack,,,,Loyola (LA),,,,,,,,
,,Loyola Academy,,,,,,,,,,,,,,,
,,Lubbock Field,,,,,,,Lubbock Field,,,,,,,,
,,Luther,,,Norse,LUT,,LUT,Luther,,,,,#000000,,http://a.espncdn.com/i/teamlogos/ncaa/500/67.png,http://a.espncdn.com/i/teamlogos/ncaa/500-dark/67.png
,,Lycoming,,,Warriors,LYC,,LYC,Lycoming,,,,,#000000,,http://a.espncdn.com/i/teamlogos/ncaa/500/2354.png,http://a.espncdn.com/i/teamlogos/ncaa/500-dark/2354.png
,,Lynchburg,,,,,,,,,,,,,,,
,,Macalester,,,Scots,MAC,,MAC,Macalester,,,,,#000000,,http://a.espncdn.com/i/teamlogos/ncaa/500/2359.png,http://a.espncdn.com/i/teamlogos/ncaa/500-dark/2359.png
,,MacAurthur Field,,,,,,,,,,,,,,,
,,Machinists Mates,,,,,,,,,,,,,,,
,,MacMurray College,,,Highlanders,MAC,,MAC,MacMurray ,,,,,#000000,,http://a.espncdn.com/i/teamlogos/ncaa/500/273.png,http://a.espncdn.com/i/teamlogos/ncaa/500-dark/273.png
,,Madison High,,,,,,,,,,,,,,,
,,Maine Maritime,,,Mariners,MAI,,MAI,Maine Maritime,,,,,#000000,,http://a.espncdn.com/i/teamlogos/ncaa/500/274.png,http://a.espncdn.com/i/teamlogos/ncaa/500-dark/274.png
,,Malone,,,Pioneers,MAL,,MAL,Malone,,,,,#000000,,http://a.espncdn.com/i/teamlogos/ncaa/500/556.png,http://a.espncdn.com/i/teamlogos/ncaa/500-dark/556.png
,,Manchester,,,Spartans,MAN,,MAN,Manchester,,,,,#000000,,http://a.espncdn.com/i/teamlogos/ncaa/500/2362.png,http://a.espncdn.com/i/teamlogos/ncaa/500-dark/2362.png
,,Manhattan A.C.,,,,,,,,,,,,,,,
,,Manhattan Beach Coast Guard,,,,,,,,,,,,,,,
,,Manitoba,,,Bisons,MAN,,MAN,Manitoba,,,,,#000000,,http://a.espncdn.com/i/teamlogos/ncaa/500/2770.png,http://a.espncdn.com/i/teamlogos/ncaa/500-dark/2770.png
,,Mankato State,,,,,,,,,,,,,,,
,,Mansfield,,,Mountaineers,MAN,,MAN,Mansfield,,,,,#000000,,http://a.espncdn.com/i/teamlogos/ncaa/500/2365.png,http://a.espncdn.com/i/teamlogos/ncaa/500-dark/2365.png
,,Manual Training High,,,,,,,,,,,,,,,
,,Maranatha Baptist College,,,Crusaders,MAR,,MAR,Maranatha Baptist ,,,,,#000000,,http://a.espncdn.com/i/teamlogos/ncaa/500/421.png,http://a.espncdn.com/i/teamlogos/ncaa/500-dark/421.png
,,March Field,,,Flyers,,,,March Field,,,,,,,,
,,Mare Island Marines,,,,,,,Mare Island Marines,,,,,,,,
,,Mare Island Navy,,,,,,,,,,,,,,,
,,Marian,,,Knights,MAR,,MAR,Marian,,,,,#000000,,http://a.espncdn.com/i/teamlogos/ncaa/500/2366.png,http://a.espncdn.com/i/teamlogos/ncaa/500-dark/2366.png
,,Marietta,,,Pioneers,MAR,,MAR,Marietta,,,,,#000000,,http://a.espncdn.com/i/teamlogos/ncaa/500/317.png,http://a.espncdn.com/i/teamlogos/ncaa/500-dark/317.png
,,Marine Officers,,,,,,,,,,,,,,,
,,Marion,,,,,,,,,,,,,,,
,,Marion County High,,,,,,,,,,,,,,,
,,Marion Sims,,,,,,,,,,,,,,,
,,Mars Hill,,,Lions,MAR,,MAR,Mars Hill,,,,,#000000,,http://a.espncdn.com/i/teamlogos/ncaa/500/2369.png,http://a.espncdn.com/i/teamlogos/ncaa/500-dark/2369.png
,,Marshall School,,,,,,,,,,,,,,,
,,Marshalltown,,,,,,,,,,,,,,,
,,Martin Luther College,,,Knights,MAR,,MAR,Martin Luther ,,,,,#000000,,http://a.espncdn.com/i/teamlogos/ncaa/500/446.png,http://a.espncdn.com/i/teamlogos/ncaa/500-dark/446.png
,,Mary Hardin-Baylor,,,Crusaders,MAR,,MAR,Mary Hardin-Baylor,,,,,#000000,,http://a.espncdn.com/i/teamlogos/ncaa/500/2371.png,http://a.espncdn.com/i/teamlogos/ncaa/500-dark/2371.png
,,Maryland A.C.,,,,,,,,,,,,,,,
,,Maryville TN,,,Fighting Scots,MAR,Maryville (TN),MAR,Maryville TN,,,,,#000000,,http://a.espncdn.com/i/teamlogos/ncaa/500/2373.png,http://a.espncdn.com/i/teamlogos/ncaa/500-dark/2373.png
,,Mass Maritime,,,Buccaneers,MAS,,MAS,Mass Maritime,,,,,#000000,,http://a.espncdn.com/i/teamlogos/ncaa/500/110.png,http://a.espncdn.com/i/teamlogos/ncaa/500-dark/110.png
,,Massilon A.C.,,,,,,,,,,,,,,,
,,Mather Field,,,,,,,,,,,,,,,
,,Maxwell Field,,,,,,,,,,,,,,,
,,Mayport NAS,,,,,,,,,,,,,,,
,,Mayville State,,,Comets,MAY,,MAY,Mayville St,,,,,#000000,,http://a.espncdn.com/i/teamlogos/ncaa/500/561.png,http://a.espncdn.com/i/teamlogos/ncaa/500-dark/561.png
,,McClellan Field,,,,,,,,,,,,,,,
,,McDaniel,,,,,,,,,,,,,,,
,,McDaniel College,,,Terrors,MCD,,MCD,McDaniel ,,,,,#000000,,http://a.espncdn.com/i/teamlogos/ncaa/500/2700.png,http://a.espncdn.com/i/teamlogos/ncaa/500-dark/2700.png
,,McGill,,,,,,,,,,,,,,,
,,McKendree,,,Bearcats,MAN,,MAN,McKendree,,,,,#000000,,http://a.espncdn.com/i/teamlogos/ncaa/500/2816.png,http://a.espncdn.com/i/teamlogos/ncaa/500-dark/2816.png
,,McMurry,,,War Hawks,MCM,,MCM,McMurry,,,,,#000000,,http://a.espncdn.com/i/teamlogos/ncaa/500/241.png,http://a.espncdn.com/i/teamlogos/ncaa/500-dark/241.png
,,Medford A.C.,,,,,,,,,,,,,,,
,,Medico-Chirurgical,,,,,,,,,,,,,,,
,,Melville PT Boats,,,,,,,,,,,,,,,
,,Memphis High,,,,,,,,,,,,,,,
,,Memphis Navy,,,,,,,,,,,,,,,
,,Menlo,,,Oaks,MEN,,MEN,Menlo,,,,,#000000,,http://a.espncdn.com/i/teamlogos/ncaa/500/2381.png,http://a.espncdn.com/i/teamlogos/ncaa/500-dark/2381.png
,,Mercersburg Academy,,,,,,,,,,,,,,,
,,Merchant Marine,,,Mariners,MER,,MER,Merchant Marine,,,,,#000000,,http://a.espncdn.com/i/teamlogos/ncaa/500/2383.png,http://a.espncdn.com/i/teamlogos/ncaa/500-dark/2383.png
,,Meridian,,,,,,,,,,,,,,,
,,Meteor A.C.,,,,,,,,,,,,,,,
,,Methodist,,,Monarchs,MTH,,MTH,Methodist,,,,,#000000,,http://a.espncdn.com/i/teamlogos/ncaa/500/291.png,http://a.espncdn.com/i/teamlogos/ncaa/500-dark/291.png
,,Michigan A.C.,,,,,,,,,,,,,,,
,,Michigan Military Academy,,,,,,,,,,,,,,,
,,Middlebury,,,Panthers,MID,,MID,Middlebury,,,,,#000000,,http://a.espncdn.com/i/teamlogos/ncaa/500/2394.png,http://a.espncdn.com/i/teamlogos/ncaa/500-dark/2394.png
,,Midland University,,,Warriors,MID,,MID,Midland U,,,,,#000000,,http://a.espncdn.com/i/teamlogos/ncaa/500/565.png,http://a.espncdn.com/i/teamlogos/ncaa/500-dark/565.png
,,Midwestern State,,,Mustangs,MID,,MID,Midwest,,,,,#000000,,http://a.espncdn.com/i/teamlogos/ncaa/500/2395.png,http://a.espncdn.com/i/teamlogos/ncaa/500-dark/2395.png
,,Midwestern Texas State,,,,,,,,,,,,,,,
,,Miles,,,Golden Bears,MIL,,MIL,Miles,,,,,#000000,,http://a.espncdn.com/i/teamlogos/ncaa/500/2396.png,http://a.espncdn.com/i/teamlogos/ncaa/500-dark/2396.png
,,Millersville,,,Marauders,MIL,,MIL,Millersville,,,,,#000000,,http://a.espncdn.com/i/teamlogos/ncaa/500/210.png,http://a.espncdn.com/i/teamlogos/ncaa/500-dark/210.png
,,Milligan,,,,,,,,,,,,,,,
,,Millikin,,,Big Blue,MIL,,MIL,Millikin,,,,,#000000,,http://a.espncdn.com/i/teamlogos/ncaa/500/74.png,http://a.espncdn.com/i/teamlogos/ncaa/500-dark/74.png
,,Millsaps,,,Majors,MIL,,MIL,Millsaps,,,,,#000000,,http://a.espncdn.com/i/teamlogos/ncaa/500/2398.png,http://a.espncdn.com/i/teamlogos/ncaa/500-dark/2398.png
,,Milwaukee Medical,,,,,,,,,,,,,,,
,,Minneapolis Boat Club,,,,,,,,,,,,,,,
,,Minneapolis Central High,,,,,,,,,,,,,,,
,,Minneapolis Eastern High,,,,,,,,,,,,,,,
,,Minneapolis South High,,,,,,,,,,,,,,,
,,Minnesota Alumni,,,,,,,,,,,,,,,
,,Minnesota St-Moorhead,,,Dragon,MOO,,MOO,Minn St-Moorhead,,,,,#000000,,http://a.espncdn.com/i/teamlogos/ncaa/500/2817.png,http://a.espncdn.com/i/teamlogos/ncaa/500-dark/2817.png
,,Minnesota-Morris,,,Cougars,MIN,,MIN,Minnesota-Morris,,,,,#000000,,http://a.espncdn.com/i/teamlogos/ncaa/500/2399.png,http://a.espncdn.com/i/teamlogos/ncaa/500-dark/2399.png
,,Minot State,,,Beavers,MIN,,MIN,Minot St,,,,,#000000,,http://a.espncdn.com/i/teamlogos/ncaa/500/568.png,http://a.espncdn.com/i/teamlogos/ncaa/500-dark/568.png
,,Misericordia,,,Cougars,MISC,,MISC,Misericordia,,,,,#000000,,http://a.espncdn.com/i/teamlogos/ncaa/500/2969.png,http://a.espncdn.com/i/teamlogos/ncaa/500-dark/2969.png
,,Mississippi College,,,Choctaws,MIS,,MIS,Miss. College,,,,,#000000,,http://a.espncdn.com/i/teamlogos/ncaa/500/2401.png,http://a.espncdn.com/i/teamlogos/ncaa/500-dark/2401.png
,,Missouri Baptist,,,Spartans,MB,,MB,MO Baptist,,,,,,,http://a.espncdn.com/i/teamlogos/ncaa/500/2880.png,http://a.espncdn.com/i/teamlogos/ncaa/500-dark/2880.png
,,Missouri S&T,,,Miners,S&T,,S&T,Missouri S&T,,,,,#000000,,http://a.espncdn.com/i/teamlogos/ncaa/500/2402.png,http://a.espncdn.com/i/teamlogos/ncaa/500-dark/2402.png
,,Missouri Southern,,,,,,,,,,,,,,,
,,Missouri Southern State,,,Lions,MOS,,MOS,Missouri South St,,,,,#000000,,http://a.espncdn.com/i/teamlogos/ncaa/500/2403.png,http://a.espncdn.com/i/teamlogos/ncaa/500-dark/2403.png
,,Missouri Valley,,,,,,,,,,,,,,,
,,Missouri Wesleyan,,,,,,,,,,,,,,,
,,Missouri Western,,,Griffons,MOW,,MOW,Missouri West,,,,,#000000,,http://a.espncdn.com/i/teamlogos/ncaa/500/137.png,http://a.espncdn.com/i/teamlogos/ncaa/500-dark/137.png
,,Missouri-Rolla,,,,,,,,,,,,,,,
,,MIT,,,Engineers,MIT,,MIT,MIT,,,,,#000000,,http://a.espncdn.com/i/teamlogos/ncaa/500/109.png,http://a.espncdn.com/i/teamlogos/ncaa/500-dark/109.png
,,Moffett Field,,,,,,,,,,,,,,,
,,Mohawk,,,,,,,,,,,,,,,
,,Moline A.C.,,,,,,,,,,,,,,,
,,Monmouth (IL),,,Fighting Scots,MON,,MON,Monmouth (IL),,,,,#000000,,http://a.espncdn.com/i/teamlogos/ncaa/500/2919.png,http://a.espncdn.com/i/teamlogos/ncaa/500-dark/2919.png
,,Monroe A.C.,,,,,,,,,,,,,,,
,,Montana Tech,,,,,,,,,,,,,,,
,,Montana Wesleyan,,,,,,,,,,,,,,,
,,Montana-Western,,,Bulldogs,MWST,,MWST,Montana-Western,,,,,#000000,,http://a.espncdn.com/i/teamlogos/ncaa/500/2701.png,http://a.espncdn.com/i/teamlogos/ncaa/500-dark/2701.png
,,Montclair A.C.,,,,,,,,,,,,,,,
,,Montclair State,,,Red Hawks,MON,,MON,Montclair St,,,,,#000000,,http://a.espncdn.com/i/teamlogos/ncaa/500/2818.png,http://a.espncdn.com/i/teamlogos/ncaa/500-dark/2818.png
,,Monterrey Tech,,,Rams,MON,,MON,Monterrey Tech,,,,,#000000,,http://a.espncdn.com/i/teamlogos/ncaa/500/3100.png,http://a.espncdn.com/i/teamlogos/ncaa/500-dark/3100.png
,,Montezuma,,,,,,,,,,,,,,,
,,Montgomery A.C.,,,,,,,,,,,,,,,
,,Monticello Navy,,,,,,,,,,,,,,,
,,Montreal,,,,,,,,,,,,,,,
,,Mooney,,,,,,,,,,,,,,,
,,Moorhead State,,,,,,,,,,,,,,,
,,Moravian,,,Greyhounds,MOR,,MOR,Moravian,,,,,#000000,,http://a.espncdn.com/i/teamlogos/ncaa/500/323.png,http://a.espncdn.com/i/teamlogos/ncaa/500-dark/323.png
,,Morehouse,,,Tigers,MOR,,MOR,Morehouse,,,,,#000000,,http://a.espncdn.com/i/teamlogos/ncaa/500/60.png,http://a.espncdn.com/i/teamlogos/ncaa/500-dark/60.png
,,Morgan,,,,,,,,,,,,,,,
,,Morganton Mutes,,,,,,,,,,,,,,,
,,Morningside,,,Chiefs,MAO,,MAO,Morningside,,,,,#000000,,http://a.espncdn.com/i/teamlogos/ncaa/500/2416.png,http://a.espncdn.com/i/teamlogos/ncaa/500-dark/2416.png
,,Morris Field,,,,,,,,,,,,,,,
,,Morris Harvey,,,,,,,,,,,,,,,
,,Morrisville State,,,Mustangs,MOR,,MOR,Morrisville St,,,,,#000000,,http://a.espncdn.com/i/teamlogos/ncaa/500/3110.png,http://a.espncdn.com/i/teamlogos/ncaa/500-dark/3110.png
,,Mount Airy Deaf School,,,,,,,,,,,,,,,
,,Mount Carmel All-Stars,,,,,,,,,,,,,,,
,,Mount Hermon,,,,,,,,,,,,,,,
,,Mount Ida College,,,Mustangs,MOU,,MOU,Mount Ida ,,,,,#000000,,http://a.espncdn.com/i/teamlogos/ncaa/500/481.png,http://a.espncdn.com/i/teamlogos/ncaa/500-dark/481.png
,,Mount Pleasant,,,,,,,,,,,,,,,
,,Mount St. Joseph,,,Lions,MTS,,MTS,Mount St. Joseph,,,,,#000000,,http://a.espncdn.com/i/teamlogos/ncaa/500/2419.png,http://a.espncdn.com/i/teamlogos/ncaa/500-dark/2419.png
,,Mount Union,,,Raiders,MTU,,MTU,Mount Union,,,,,#000000,,http://a.espncdn.com/i/teamlogos/ncaa/500/426.png,http://a.espncdn.com/i/teamlogos/ncaa/500-dark/426.png
,,Muhlenberg,,,Mules,MUH,,MUH,Muhlenberg,,,,,#000000,,http://a.espncdn.com/i/teamlogos/ncaa/500/2422.png,http://a.espncdn.com/i/teamlogos/ncaa/500-dark/2422.png
,,Multnomah A.C.,,,,,,,,,,,,,,,
,,Muskingum,,,Muskies,MUS,,MUS,Muskingum,,,,,#000000,,http://a.espncdn.com/i/teamlogos/ncaa/500/332.png,http://a.espncdn.com/i/teamlogos/ncaa/500-dark/332.png
,,Nashville,,,,,,,Nashville,,,,,,,,
,,Navy Hospital Corps,,,,,,,,,,,,,,,
,,Navy Reserves,,,,,,,,,,,,,,,
,,Navy Transport,,,,,,,,,,,,,,,
,,NC Wesleyan,,,Battling Bishops,UNCW,,UNCW,UNC Welseyan,,,,,#000000,,http://a.espncdn.com/i/teamlogos/ncaa/500/286.png,http://a.espncdn.com/i/teamlogos/ncaa/500-dark/286.png
,,Nebraska Alumni,,,,,,,,,,,,,,,
,,Nebraska Wesleyan,,,,,,,,,,,,,,,
,,Nebraska Wesleyan University,,,Neb Wesleyan,NWU,,NWU,Neb. Wesleyan,,,,,,,http://a.espncdn.com/i/teamlogos/ncaa/500/6845.png,http://a.espncdn.com/i/teamlogos/ncaa/500-dark/6845.png
,,Nebraska-Kearney,,,Lopers,NEB,,NEB,Nebraska-Kearney,,,,,#000000,,http://a.espncdn.com/i/teamlogos/ncaa/500/2438.png,http://a.espncdn.com/i/teamlogos/ncaa/500-dark/2438.png
,,Needham,,,,,,,,,,,,,,,
,,New England All-Stars,,,,,,,,,,,,,,,
,,New Haven,,,Chargers,NH,,NH,New Haven,,,,,#000000,,http://a.espncdn.com/i/teamlogos/ncaa/500/2441.png,http://a.espncdn.com/i/teamlogos/ncaa/500-dark/2441.png
,,New Jersey A.C.,,,,,,,,,,,,,,,
,,New London Submarine Base,,,,,,,,,,,,,,,
,,New Mexico Highlands,,,Cowboys,NMH,,NMH,New Mexico Highlands,,,,,#000000,,http://a.espncdn.com/i/teamlogos/ncaa/500/2424.png,http://a.espncdn.com/i/teamlogos/ncaa/500-dark/2424.png
,,New Mexico Military,,,,,,,,,,,,,,,
,,New Mexico Tech,,,,,,,,,,,,,,,
,,New Orleans Gym Club,,,,,,,,,,,,,,,
,,New York A.C.,,,,,,,,,,,,,,,
,,New York Law,,,,,,,,,,,,,,,
,,New York Naval Militia,,,,,,,,,,,,,,,
,,New York State,,,,,,,,,,,,,,,
,,New York University,,,Violets,,,,New York University,,,,,,,,
,,Newark A.C.,,,,,,,,,,,,,,,
,,Newberry,,,Wolves,NBY,,NBY,Newberry,,,,,#000000,,http://a.espncdn.com/i/teamlogos/ncaa/500/2444.png,http://a.espncdn.com/i/teamlogos/ncaa/500-dark/2444.png
,,Newberry A.C.,,,,,,,,,,,,,,,
,,Newburyport A.C.,,,,,,,,,,,,,,,
,,Newport Navy,,,,,,,,,,,,,,,
,,Newport News,,,,,,,,,,,,,,,
,,Newport NTS,,,,,,,,,,,,,,,
,,Newton A.C.,,,,,,,,,,,,,,,
,,Newton High,,,,,,,,,,,,,,,
,,Newtowne A.C.,,,,,,,,,,,,,,,
,,Nichols,,,Bison,NIC,,NIC,Nichols,,,,,#000000,,http://a.espncdn.com/i/teamlogos/ncaa/500/2884.png,http://a.espncdn.com/i/teamlogos/ncaa/500-dark/2884.png
,,Norfolk A.C.,,,,,,,,,,,,,,,
,,Norfolk Blues,,,,,,,,,,,,,,,
,,Norfolk Fire Department,,,,,,,,,,,,,,,
,,Norfolk Marines,,,,,,,,,,,,,,,
,,Norfolk Navy,,,,,,,,,,,,,,,
,,Norfolk Navy Base,,,,,,,,,,,,,,,
,,Norfolk Navy Yard,,,,,,,,,,,,,,,
,,Norman Naval Air Station,,,Zoomers,,,,Norman Naval Air Station,,,,,,,,
,,Norman Park,,,,,,,,,,,,,,,
,,North Alabama A.C.,,,,,,,,,,,,,,,
,,North Carolina Medical,,,,,,,,,,,,,,,
,,North Carolina Pre-Flight,,,Cloudbusters,NCPF,,NCPF,North Carolina Pre-Flight,,,,,,,,
,,North Central,,,Cardinals,NOC,,NOC,North Central,,,,,#000000,,http://a.espncdn.com/i/teamlogos/ncaa/500/3071.png,http://a.espncdn.com/i/teamlogos/ncaa/500-dark/3071.png
,,North Dakota Teachers,,,,,,,,,,,,,,,
,,North Denver High,,,,,,,,,,,,,,,
,,North Division High,,,,,,,,,,,,,,,
,,North Greenville,,,Crusaders,NGR,,NGR,N Greenville,,,,,#000000,,http://a.espncdn.com/i/teamlogos/ncaa/500/2822.png,http://a.espncdn.com/i/teamlogos/ncaa/500-dark/2822.png
,,North Park,,,Vikings,NOR,,NOR,North Park,,,,,#000000,,http://a.espncdn.com/i/teamlogos/ncaa/500/75.png,http://a.espncdn.com/i/teamlogos/ncaa/500-dark/75.png
,,Northeastern,,,Huskies,NE,,NE,Northeastern,,,,,#cc0001,#c2c3c0,http://a.espncdn.com/i/teamlogos/ncaa/500/111.png,http://a.espncdn.com/i/teamlogos/ncaa/500-dark/111.png
,,Northeastern Oklahoma State,,,,,,,,,,,,,,,
,,Northern State,,,Wolves,NOR,,NOR,Northern St,,,,,#000000,,http://a.espncdn.com/i/teamlogos/ncaa/500/425.png,http://a.espncdn.com/i/teamlogos/ncaa/500-dark/425.png
,,Northwest Division High,,,,,,,,,,,,,,,
,,Northwest Missouri State,,,Bearcats,NWMS,,NWMS,NW Missouri St,,,,,#000000,,http://a.espncdn.com/i/teamlogos/ncaa/500/138.png,http://a.espncdn.com/i/teamlogos/ncaa/500-dark/138.png
,,Northwestern (MN),,,Eagles,NWM,,NWM,NW (MN),,,,,#000000,,http://a.espncdn.com/i/teamlogos/ncaa/500/583.png,http://a.espncdn.com/i/teamlogos/ncaa/500-dark/583.png
,,Northwestern (Wisconsin),,,,,,,,,,,,,,,
,,Northwestern Academy,,,,,,,,,,,,,,,
,,Northwestern Alumni,,,,,,,,,,,,,,,
,,Northwestern Dental,,,,,,,,,,,,,,,
,,Northwood (MI),,,Timberwolves,NAR,,NAR,Northwood,,,,,#000000,,http://a.espncdn.com/i/teamlogos/ncaa/500/2886.png,http://a.espncdn.com/i/teamlogos/ncaa/500-dark/2886.png
,,Norwich,,,Cadets,NOR,,NOR,Norwich,,,,,#000000,,http://a.espncdn.com/i/teamlogos/ncaa/500/2467.png,http://a.espncdn.com/i/teamlogos/ncaa/500-dark/2467.png
,,Notre Dame B,,,,,,,,,,,,,,,
,,Notre Dame College,,,Blue Falcons,NOT,,NOT,Notre Dame College,,,,,#000000,,http://a.espncdn.com/i/teamlogos/ncaa/500/587.png,http://a.espncdn.com/i/teamlogos/ncaa/500-dark/587.png
,,Oak Ridge,,,,,,,,,,,,,,,
,,Oberlin,,,Yeomen,OBE,,OBE,Oberlin,,,,,#000000,,http://a.espncdn.com/i/teamlogos/ncaa/500/391.png,http://a.espncdn.com/i/teamlogos/ncaa/500-dark/391.png
,,Occidental,,,Tigers,OCC,,OCC,Occidental,,,,,#000000,,http://a.espncdn.com/i/teamlogos/ncaa/500/2475.png,http://a.espncdn.com/i/teamlogos/ncaa/500-dark/2475.png
,,Oceana NAS,,,,,,,,,,,,,,,
,,Ogden A.C.,,,,,,,,,,,,,,,
,,Ogden High,,,,,,,,,,,,,,,
,,Oglethorpe,,,Stormy Petrels,,,,Oglethorpe,,,,,,,,
,,Ohio Am. Corp.,,,,,,,,,,,,,,,
,,Ohio Dominican,,,Panthers,,,,Panthers,,,,,,,,
,,Ohio Medical,,,,,,,,,,,,,,,
,,Ohio Midwestern College,,,Rams,OMW,,OMW,Ohio Midwestern,,,,,,,,
,,Ohio Northern,,,Polar Bears,ON,,ON,Ohio Northern,,,,,#000000,,http://a.espncdn.com/i/teamlogos/ncaa/500/427.png,http://a.espncdn.com/i/teamlogos/ncaa/500-dark/427.png
,,Ohio State Newark,,,Titans,OSU,,OSU,Ohio St Newark,,,,,#000000,,http://a.espncdn.com/i/teamlogos/ncaa/500/3161.png,http://a.espncdn.com/i/teamlogos/ncaa/500-dark/3161.png
,,Ohio Wesleyan,,,Battling Bishops,OHI,,OHI,Ohio Wesleyan,,,,,#000000,,http://a.espncdn.com/i/teamlogos/ncaa/500/2980.png,http://a.espncdn.com/i/teamlogos/ncaa/500-dark/2980.png
,,OK Panhandle St,,,Aggies,OKP,,OKP,OK Panhandle St,,,,,#000000,,http://a.espncdn.com/i/teamlogos/ncaa/500/2824.png,http://a.espncdn.com/i/teamlogos/ncaa/500-dark/2824.png
,,Oklahoma Baptist,,,Bison,OB,,OB,Oklahoma Bapt,,,,,,,http://a.espncdn.com/i/teamlogos/ncaa/500/319.png,http://a.espncdn.com/i/teamlogos/ncaa/500-dark/319.png
,,Oklahoma City,,,,,,,,,,,,,,,
,,Oklahoma Mines,,,,,,,,,,,,,,,
,,Oklahoma Teachers,,,,,,,,,,,,,,,
,,Olathe Navy,,,,,,,,,,,,,,,
,,Olivet,,,,,,,,,,,,,,,
,,Olivet College,,,Comets,OLI,,OLI,Olivet College,,,,,#000000,,http://a.espncdn.com/i/teamlogos/ncaa/500/354.png,http://a.espncdn.com/i/teamlogos/ncaa/500-dark/354.png
,,Olympic A.C.,,,,,,,,,,,,,,,
,,Olympic Club,,,,,,,,,,,,,,,
,,Omaha Balloon,,,,,,,,,,,,,,,
,,Omaha Light Guards,,,,,,,,,,,,,,,
,,Onondaga,,,,,,,,,,,,,,,
,,Orange A.C.,,,,,,,,,,,,,,,
,,Oregon College,,,,,,,,,,,,,,,
,,Oregon State Alumni,,,,,,,,,,,,,,,
,,Originals A.C.,,,,,,,,,,,,,,,
,,Ottawa,,,,,,,,,,,,,,,
,,Otterbein,,,Cardinals,OTT,,OTT,Otterbein,,,,,#000000,,http://a.espncdn.com/i/teamlogos/ncaa/500/359.png,http://a.espncdn.com/i/teamlogos/ncaa/500-dark/359.png
,,Ottumwa Pre-Flight,,,,,,,,,,,,,,,
,,Ouachita,,,,,,,,,,,,,,,
,,Ouachita Baptist,,,Tigers,OUA,,OUA,Ouachita Baptist,,,,,#000000,,http://a.espncdn.com/i/teamlogos/ncaa/500/2888.png,http://a.espncdn.com/i/teamlogos/ncaa/500-dark/2888.png
,,Overland Station,,,,,,,,,,,,,,,
,,Ozarks,,,,,,,,,,,,,,,
,,Pace,,,Setters,PAC,,PAC,Pace,,,,,#000000,,http://a.espncdn.com/i/teamlogos/ncaa/500/2487.png,http://a.espncdn.com/i/teamlogos/ncaa/500-dark/2487.png
,,Pacific (OR),,,Boxers,PAC,,PAC,Pacific (OR),,,,,#000000,,http://a.espncdn.com/i/teamlogos/ncaa/500/205.png,http://a.espncdn.com/i/teamlogos/ncaa/500-dark/205.png
,,Pacific (Oregon),,,,,,,,,,,,,,,
,,Pacific All-Stars,,,,,,,,,,,,,,,
,,Pacific Fleet,,,,,,,,,,,,,,,
,,Pacific Lutheran,,,Lutes,PAC,,PAC,Pacific Lutheran,,,,,#000000,,http://a.espncdn.com/i/teamlogos/ncaa/500/2486.png,http://a.espncdn.com/i/teamlogos/ncaa/500-dark/2486.png
,,Pacific Submarines,,,,,,,,,,,,,,,
,,Palmyra,,,,,,,,,,,,,,,
,,Panhandle State,,,,,,,,,,,,,,,
,,Panora,,,,,,,,,,,,,,,
,,Park Field,,,,,,,,,,,,,,,
,,Parris Island Marines,,,,,,,,,,,,,,,
,,Parsons,,,,,,,,,,,,,,,
,,Parsons (Iowa),,,,,,,,,,,,,,,
,,Pastime A.C.,,,,,,,,,,,,,,,
,,Payne Field,,,,,,,,,,,,,,,
,,Pearl Harbor,,,,,,,,,,,,,,,
,,Pelham Bay Navy,,,,,,,,,,,,,,,
,,Penn Radio School,,,,,,,,,,,,,,,
,,Pennsylvania Alumni,,,,,,,,,,,,,,,
,,Pennsylvania College,,,,,,,,,,,,,,,
,,Pennsylvania Military,,,,,,,,,,,,,,,
,,Pennsylvania Railroad YMCA,,,,,,,,,,,,,,,
,,Pennsylvania Reserves,,,,,,,,,,,,,,,
,,Pensacola A.C.,,,,,,,,,,,,,,,
,,Pensacola NAS,,,,,,,,,,,,,,,
,,Peoria Socials A.C.,,,,,,,,,,,,,,,
,,Peru State,,,,,,,,,,,,,,,
,,Phialdelphia YMCA,,,,,,,,,,,,,,,
,,Philadelphia A.C.,,,,,,,,,,,,,,,
,,Philadelphia All-Stars,,,,,,,,,,,,,,,
,,Philadelphia Naval Yard,,,,,,,,,,,,,,,
,,Phillips,,,Haymakers,,,,Phillips,,,,,,,,
,,Phoenix A.C.,,,,,,,,,,,,,,,
,,Phoenix All-Stars,,,,,,,,,,,,,,,
,,Phoenix Indians,,,,,,,,,,,,,,,
,,Physicians & Surgeons,,,,,,,,,,,,,,,
,,Piedmont,,,,,,,,,,,,,,,
,,Pikeville,,,Bears,PIK,,PIK,Pikeville,,,,,,,http://a.espncdn.com/i/teamlogos/ncaa/500/95.png,http://a.espncdn.com/i/teamlogos/ncaa/500-dark/95.png
,,Pittsburg State,,,Gorillas,PIT,,PIT,Pittsburg St,,,,,#000000,,http://a.espncdn.com/i/teamlogos/ncaa/500/90.png,http://a.espncdn.com/i/teamlogos/ncaa/500-dark/90.png
,,Pittsburgh A.C.,,,,,,,,,,,,,,,
,,Pittsburgh Lyceum,,,,,,,,,,,,,,,
,,Pittsfield A.C.,,,,,,,,,,,,,,,
,,Pleasanton Navy,,,,,,,,,,,,,,,
,,Plymouth State,,,Panthers,PLY,,PLY,Plymouth St,,,,,#000000,,http://a.espncdn.com/i/teamlogos/ncaa/500/2972.png,http://a.espncdn.com/i/teamlogos/ncaa/500-dark/2972.png
,,Point University,,,Point,POINT,,POINT,Point University,,,,,,,http://a.espncdn.com/i/teamlogos/ncaa/500/3179.png,http://a.espncdn.com/i/teamlogos/ncaa/500-dark/3179.png
,,Pomona Ordinance Base,,,,,,,,,,,,,,,
,,Pomona-Pitzer,,,Sagehens,POM,,POM,Pomona-Pitzer,,,,,#000000,,http://a.espncdn.com/i/teamlogos/ncaa/500/2923.png,http://a.espncdn.com/i/teamlogos/ncaa/500-dark/2923.png
,,Pontiac A.C.,,,,,,,,,,,,,,,
,,Port Royal,,,,,,,,,,,,,,,
,,Porter Military,,,,,,,,,,,,,,,
,,Portland A.C.,,,,,,,,,,,,,,,
,,Portsmouth Fleet,,,,,,,,,,,,,,,
,,Post Field,,,,,,,,,,,,,,,
,,Prairie A.C.,,,,,,,,,,,,,,,
,,Presentation College,,,Saints,PRE,,PRE,Presentation ,,,,,#000000,,http://a.espncdn.com/i/teamlogos/ncaa/500/597.png,http://a.espncdn.com/i/teamlogos/ncaa/500-dark/597.png
,,Presidio of San Francisco,,,,,,,,,,,,,,,
,,Princeton A.C.,,,,,,,,,,,,,,,
,,Princeton Alumni,,,,,,,,,,,,,,,
,,Princeton Seminary,,,,,,,,,,,,,,,
,,Principia College,,,Panthers,PRI,,PRI,Principia ,,,,,#000000,,http://a.espncdn.com/i/teamlogos/ncaa/500/363.png,http://a.espncdn.com/i/teamlogos/ncaa/500-dark/363.png
,,Providence,,,,,,,,,,,,,,,
,,Pueblo High,,,,,,,,,,,,,,,
,,Pueblo YMCA,,,,,,,,,,,,,,,
,,Puget Sound,,,Loggers,PUG,,PUG,Puget Sound,,,,,#000000,,http://a.espncdn.com/i/teamlogos/ncaa/500/2508.png,http://a.espncdn.com/i/teamlogos/ncaa/500-dark/2508.png
,,Purdue Alumni,,,,,,,,,,,,,,,
,,Quantico Marines,,,Devil Dogs,,,,Quantico Marines,,,,,,,,
,,Quincy,,,Hawks,QUI,,QUI,Quincy,,,,,#000000,,http://a.espncdn.com/i/teamlogos/ncaa/500/2825.png,http://a.espncdn.com/i/teamlogos/ncaa/500-dark/2825.png
,,Quincy A.C.,,,,,,,,,,,,,,,
,,Randolph Field,,,Ramblers,,,,Randolph Field,,,,,,,,
,,Randolph-Macon,,,Yellow Jackets,RAN,,RAN,Randolph-Macon,,,,,#000000,,http://a.espncdn.com/i/teamlogos/ncaa/500/2516.png,http://a.espncdn.com/i/teamlogos/ncaa/500-dark/2516.png
,,Ream Field,,,,,,,,,,,,,,,
,,Redlands,,,Bulldogs,RED,,RED,Redlands,,,,,#000000,,http://a.espncdn.com/i/teamlogos/ncaa/500/29.png,http://a.espncdn.com/i/teamlogos/ncaa/500-dark/29.png
,,Regis (CO),,,Rangers,,,,Regis (CO),,,,,,,,
,,Reina Mercedes,,,,,,,,,,,,,,,
,,Reinhardt,,,Eagles,REIN,,REIN,Reinhardt,,,,,,,http://a.espncdn.com/i/teamlogos/ncaa/500/2890.png,http://a.espncdn.com/i/teamlogos/ncaa/500-dark/2890.png
,,Reliance A.C.,,,,,,,,,,,,,,,
,,Rhodes,,,Lynx,RHO,,RHO,Rhodes,,,,,#000000,,http://a.espncdn.com/i/teamlogos/ncaa/500/2519.png,http://a.espncdn.com/i/teamlogos/ncaa/500-dark/2519.png
,,Richmond Blues,,,,,,,,,,,,,,,
,,Richmond Field,,,,,,,,,,,,,,,
,,Ridgefield A.C.,,,,,,,,,,,,,,,
,,Ripon,,,Redhawks,RIPON,,RIPON,Ripon,,,,,#000000,,http://a.espncdn.com/i/teamlogos/ncaa/500/2891.png,http://a.espncdn.com/i/teamlogos/ncaa/500-dark/2891.png
,,Riverside,,,,,,,,,,,,,,,
,,Roanoke,,,,,,,,,,,,,,,
,,Robert Morris (IL),,,Eagles,RMU,,RMU,Robert Morris (IL),,,,,#000000,,http://a.espncdn.com/i/teamlogos/ncaa/500/599.png,http://a.espncdn.com/i/teamlogos/ncaa/500-dark/599.png
,,Rock Island A.C.,,,,,,,,,,,,,,,
,,Rockford,,,Regents,ROC,,ROC,Rockford,,,,,#000000,,http://a.espncdn.com/i/teamlogos/ncaa/500/2524.png,http://a.espncdn.com/i/teamlogos/ncaa/500-dark/2524.png
,,Rockford High,,,,,,,,,,,,,,,
,,Rockford YMCA,,,,,,,,,,,,,,,
,,Rockhurst,,,,,,,,,,,,,,,
,,Rollins,,,,,,,,,,,,,,,
,,Rooks,,,,,,,,,,,,,,,
,,Rose-Hulman,,,Engineers,ROS,,ROS,Rose-Hulman,,,,,#000000,,http://a.espncdn.com/i/teamlogos/ncaa/500/86.png,http://a.espncdn.com/i/teamlogos/ncaa/500-dark/86.png
,,Rowan,,,Professors,ROWAN,,ROWAN,Rowan,,,,,#000000,,http://a.espncdn.com/i/teamlogos/ncaa/500/2827.png,http://a.espncdn.com/i/teamlogos/ncaa/500-dark/2827.png
,,Rush Medical,,,,,,,,,,,,,,,
,,Rusk,,,,,,,,,,,,,,,
,,S.B. Howard Park,,,,,,,,,,,,,,,
,,Sacaton Indians,,,,,,,,,,,,,,,
,,Sacred Heart (Wisconsin),,,,,,,,,,,,,,,
,,Saginaw Valley,,,Cardinals,SAG,,SAG,Saginaw Valley,,,,,#000000,,http://a.espncdn.com/i/teamlogos/ncaa/500/129.png,http://a.espncdn.com/i/teamlogos/ncaa/500-dark/129.png
,,Saint Louis,,,Billikens,,,,Saint Louis,,,,,,,,
,,Saint Mary's (CA),,,Gaels,,,,Saint Mary's (CA),,,,,,,,
,,Saint Mary's (CA) Pre-Flight,,,Air Devils,,,,Saint Mary's (CA) Pre-Flight,,,,,,,,
,,Salisbury,,,Sea Gulls,SAL,,SAL,Salisbury,,,,,#000000,,http://a.espncdn.com/i/teamlogos/ncaa/500/2532.png,http://a.espncdn.com/i/teamlogos/ncaa/500-dark/2532.png
,,Salt Lake Field,,,,,,,,,,,,,,,
,,Salt Lake High,,,,,,,,,,,,,,,
,,Salt Lake YMCA,,,,,,,,,,,,,,,
,,Salve Regina,,,Seahawks,SAL,,SAL,Salve Regina,,,,,#000000,,http://a.espncdn.com/i/teamlogos/ncaa/500/2776.png,http://a.espncdn.com/i/teamlogos/ncaa/500-dark/2776.png
,,Sampson NTS,,,,,,,,,,,,,,,
,,San Diego Bombers (PCFL),,,,,,,,,,,,,,,
,,San Diego Marines,,,,,,,,,,,,,,,
,,San Diego Navy,,,,,,,,,,,,,,,
,,San Francisco Clippers (AFL),,,,,,,,,,,,,,,
,,San Francisco State,,,,,,,,,,,,,,,
,,San Pedro A.C.,,,,,,,,,,,,,,,
,,San Pedro Navy,,,,,,,,,,,,,,,
,,Santa Ana Field,,,,,,,,,,,,,,,
,,Savannah A.C.,,,,,,,,,,,,,,,
,,Savannah State,,,Tigers,SAV,,SAV,Savannah State,,,,,#280298,#f78f1e,http://a.espncdn.com/i/teamlogos/ncaa/500/2542.png,http://a.espncdn.com/i/teamlogos/ncaa/500-dark/2542.png
,,Schuylkill,,,,,,,,,,,,,,,
,,Schuylkill Navy,,,,,,,,,,,,,,,
,,Scott Field,,,,,,,,,,,,,,,
,,Scout Fleet,,,,,,,,,,,,,,,
,,Scranton,,,,,,,,,,,,,,,
,,Seamen Gunners,,,,,,,,,,,,,,,
,,Second Air Force,,,Superbombers,,,,Second Air Force,,,,,,,,
,,Second Air Force (Colorado),,,,,,,,,,,,,,,
,,Second Air Force (Washington),,,,,,,,,,,,,,,
,,Seton Hill College,,,Griffins,SET,,SET,Seton Hill ,,,,,#000000,,http://a.espncdn.com/i/teamlogos/ncaa/500/611.png,http://a.espncdn.com/i/teamlogos/ncaa/500-dark/611.png
,,Sewanee Club (Virginia),,,,,,,,,,,,,,,
,,Sewanee Medical,,,,,,,,,,,,,,,
,,Sewanee Univ. of the South,,,Tigers,SEW,Sewanee,SEW,Sewanee University,,,,,#000000,,http://a.espncdn.com/i/teamlogos/ncaa/500/2553.png,http://a.espncdn.com/i/teamlogos/ncaa/500-dark/2553.png
,,Shamokin,,,,,,,,,,,,,,,
,,Shattuck,,,,,,,,,,,,,,,
,,Shaw,,,Bears,SHA,,SHA,Shaw,,,,,#000000,,http://a.espncdn.com/i/teamlogos/ncaa/500/2551.png,http://a.espncdn.com/i/teamlogos/ncaa/500-dark/2551.png
,,Shenandoah,,,Hornets,SHE,,SHE,Shenandoah,,,,,#000000,,http://a.espncdn.com/i/teamlogos/ncaa/500/2828.png,http://a.espncdn.com/i/teamlogos/ncaa/500-dark/2828.png
,,Shepherd,,,Rams,SHE,,SHE,Shepherd,,,,,#000000,,http://a.espncdn.com/i/teamlogos/ncaa/500/2974.png,http://a.espncdn.com/i/teamlogos/ncaa/500-dark/2974.png
,,Shepherd Tech,,,Eagles,STC,,STC,Shepherd Tech,,,,,#000000,,http://a.espncdn.com/i/teamlogos/ncaa/500/3181.png,http://a.espncdn.com/i/teamlogos/ncaa/500-dark/3181.png
,,Sherman,,,,,,,,,,,,,,,
,,Shippensburg,,,Raiders,SHI,,SHI,Shippensburg,,,,,#000000,,http://a.espncdn.com/i/teamlogos/ncaa/500/2559.png,http://a.espncdn.com/i/teamlogos/ncaa/500-dark/2559.png
,,Shorter,,,Hawks,SHO,,SHO,Shorter,,,,,#000000,,http://a.espncdn.com/i/teamlogos/ncaa/500/2560.png,http://a.espncdn.com/i/teamlogos/ncaa/500-dark/2560.png
,,Shreveport A.C.,,,,,,,,,,,,,,,
,,Shurtleff,,,,,,,,,,,,,,,
,,Siena Heights,,,Saints,SH,,SH,Siena Heights,,,,,#000000,,http://a.espncdn.com/i/teamlogos/ncaa/500/2562.png,http://a.espncdn.com/i/teamlogos/ncaa/500-dark/2562.png
,,Simon Fraser,,,Clansmen,SIM,,SIM,Simon Fraser,,,,,#000000,,http://a.espncdn.com/i/teamlogos/ncaa/500/2829.png,http://a.espncdn.com/i/teamlogos/ncaa/500-dark/2829.png
,,Simpson College,,,Storm,SIM,Simpson,SIM,Simpson ,,,,,#000000,,http://a.espncdn.com/i/teamlogos/ncaa/500/2564.png,http://a.espncdn.com/i/teamlogos/ncaa/500-dark/2564.png
,,Sioux City A.C.,,,,,,,,,,,,,,,
,,Sioux Falls,,,Cougars,SIO,,SIO,Sioux Falls,,,,,#000000,,http://a.espncdn.com/i/teamlogos/ncaa/500/2894.png,http://a.espncdn.com/i/teamlogos/ncaa/500-dark/2894.png
,,Slippery Rock,,,The Rock,SRU,,SRU,Slippery Rock,,,,,#000000,,http://a.espncdn.com/i/teamlogos/ncaa/500/215.png,http://a.espncdn.com/i/teamlogos/ncaa/500-dark/215.png
,,SMTS,,,,,,,,,,,,,,,
,,Sonoma State,,,,,,,,,,,,,,,
,,South Bend A.C.,,,,,,,,,,,,,,,
,,South Berwick,,,,,,,,,,,,,,,
,,South Dakota Mines,,,Hardrockers,SDA,,SDA,SD Mines,,,,,#000000,,http://a.espncdn.com/i/teamlogos/ncaa/500/613.png,http://a.espncdn.com/i/teamlogos/ncaa/500-dark/613.png
,,South Denver High,,,,,,,,,,,,,,,
,,South Plains Field,,,,,,,,,,,,,,,
,,South Side Academy,,,,,,,,,,,,,,,
,,Southeastern Oklahoma,,,Savage Storm,SEOS,,SEOS,SEOkla St,,,,,#000000,,http://a.espncdn.com/i/teamlogos/ncaa/500/199.png,http://a.espncdn.com/i/teamlogos/ncaa/500-dark/199.png
,,Southeastern Oklahoma State,,,,,,,,,,,,,,,
,,Southeastern University,,,Fire,SEFL,,SEFL,Southeastern,,,,,#000000,,http://a.espncdn.com/i/teamlogos/ncaa/500/267.png,http://a.espncdn.com/i/teamlogos/ncaa/500-dark/267.png
,,Southern,,,Jaguars,SOU,,SOU,Southern,,,,,#004B97,#ffc82d,http://a.espncdn.com/i/teamlogos/ncaa/500/2582.png,http://a.espncdn.com/i/teamlogos/ncaa/500-dark/2582.png
,,Southern Arkansas,,,Muleriders,SOU,,SOU,S Arkansas,,,,,#000000,,http://a.espncdn.com/i/teamlogos/ncaa/500/2568.png,http://a.espncdn.com/i/teamlogos/ncaa/500-dark/2568.png
,,Southern California Alumni,,,,,,,,,,,,,,,
,,Southern College,,,,,,,,,,,,,,,
,,Southern Connecticut State,,,Owls,SOU,,SOU,S Conn St,,,,,#000000,,http://a.espncdn.com/i/teamlogos/ncaa/500/2583.png,http://a.espncdn.com/i/teamlogos/ncaa/500-dark/2583.png
,,Southern Methodist Freshmen,,,,,,,,,,,,,,,
,,Southern Military Academy,,,,,,,,,,,,,,,
,,Southern Nazarene,,,Crimson Storm,STN,,STN,S Nazarene,,,,,#000000,,http://a.espncdn.com/i/teamlogos/ncaa/500/200.png,http://a.espncdn.com/i/teamlogos/ncaa/500-dark/200.png
,,Southern Oregon,,,Raiders,SOU,,SOU,So Oregon,,,,,,,http://a.espncdn.com/i/teamlogos/ncaa/500/2584.png,http://a.espncdn.com/i/teamlogos/ncaa/500-dark/2584.png
,,Southern Virginia,,,Knights,SVA,,SVA,S Virginia,,,,,#000000,,http://a.espncdn.com/i/teamlogos/ncaa/500/2896.png,http://a.espncdn.com/i/teamlogos/ncaa/500-dark/2896.png
,,Southwest Baptist,,,Bearcats,SWB,,SWB,SW Baptist,,,,,#000000,,http://a.espncdn.com/i/teamlogos/ncaa/500/2586.png,http://a.espncdn.com/i/teamlogos/ncaa/500-dark/2586.png
,,Southwest Minnesota State,,,Mustangs,SWM,,SWM,SW Minnesota St,,,,,#000000,,http://a.espncdn.com/i/teamlogos/ncaa/500/2587.png,http://a.espncdn.com/i/teamlogos/ncaa/500-dark/2587.png
,,Southwestern (Kansas),,,,,,,,,,,,,,,
,,Southwestern Assemblies of God,,,Lions,SWA,,SWA,SW Assemblies of God,,,,,#000000,,http://a.espncdn.com/i/teamlogos/ncaa/500/2904.png,http://a.espncdn.com/i/teamlogos/ncaa/500-dark/2904.png
,,Southwestern College,,,Moundbuilders,SWC,,SWC,SW ,,,,,#000000,,http://a.espncdn.com/i/teamlogos/ncaa/500/616.png,http://a.espncdn.com/i/teamlogos/ncaa/500-dark/616.png
,,Southwestern Oklahoma,,,Bulldogs,SWO,,SWO,SW Oklahoma,,,,,#000000,,http://a.espncdn.com/i/teamlogos/ncaa/500/2927.png,http://a.espncdn.com/i/teamlogos/ncaa/500-dark/2927.png
,,Southwestern Oklahoma State,,,,,,,,,,,,,,,
,,Southwestern University,,,Pirates,SW,Southwestern (TX),SW,Southwestern U,,,,,,,http://a.espncdn.com/i/teamlogos/ncaa/500/2588.png,http://a.espncdn.com/i/teamlogos/ncaa/500-dark/2588.png
,,Spence Field,,,,,,,,,,,,,,,
,,Spring Hill,,,Badgers,,,,Spring Hill,,,,,,,,
,,Springfield,,,Pride,SPR,,SPR,Springfield,,,,,#000000,,http://a.espncdn.com/i/teamlogos/ncaa/500/81.png,http://a.espncdn.com/i/teamlogos/ncaa/500-dark/81.png
,,Squantum NAS,,,,,,,,,,,,,,,
,,St Francis (PA),,,Red Flash,SFU,Saint Francis (PA),SFU,St Francis (PA),,,,,#a20012,,http://a.espncdn.com/i/teamlogos/ncaa/500/2598.png,http://a.espncdn.com/i/teamlogos/ncaa/500-dark/2598.png
,,St. Albans,,,,,,,,,,,,,,,
,,St. Ambrose,,,Fighting Bees,STA,,STA,St. Ambrose,,,,,#000000,,http://a.espncdn.com/i/teamlogos/ncaa/500/2591.png,http://a.espncdn.com/i/teamlogos/ncaa/500-dark/2591.png
,,St. Anselm,,,Hawks,STA,,STA,St. Anselm,,,,,#000000,,http://a.espncdn.com/i/teamlogos/ncaa/500/2830.png,http://a.espncdn.com/i/teamlogos/ncaa/500-dark/2830.png
,,St. Augustine's,,,Falcons,STA,,STA,St. Augustine's,,,,,#000000,,http://a.espncdn.com/i/teamlogos/ncaa/500/395.png,http://a.espncdn.com/i/teamlogos/ncaa/500-dark/395.png
,,St. Benedict,,,,,,,,,,,,,,,
,,St. Edward's,,,,,,,,,,,,,,,
,,St. Francis (IL),,,Fighting Saints,SFIL,,SFIL,St Francis (IL),,,,,#000000,,http://a.espncdn.com/i/teamlogos/ncaa/500/2595.png,http://a.espncdn.com/i/teamlogos/ncaa/500-dark/2595.png
,,St. Francis (IN),,,Cougars,SBP,,SBP,St. Francis (IN),,,,,#000000,,http://a.espncdn.com/i/teamlogos/ncaa/500/2831.png,http://a.espncdn.com/i/teamlogos/ncaa/500-dark/2831.png
,,St. Helena NTS,,,,,,,,,,,,,,,
,,St. John Fisher,,,Cardinals,STJ,,STJ,St. John Fisher,,,,,#000000,,http://a.espncdn.com/i/teamlogos/ncaa/500/374.png,http://a.espncdn.com/i/teamlogos/ncaa/500-dark/374.png
,,St. John's (Maryland),,,,,,,,,,,,,,,
,,St. John's M.A.,,,,,,,,,,,,,,,
,,St. Joseph's (Indiana),,,,,,,,,,,,,,,
,,St. Lawrence,,,,,,,,,,,,,,,
,,St. Louis Alumni-Hawaii,,,,,,,,,,,,,,,
,,St. Mary's (Kansas),,,,,,,,,,,,,,,
,,St. Mary's (Minnesota),,,,,,,,,,,,,,,
,,St. Mary's (Texas),,,,,,,,,,,,,,,
,,St. Norbert,,,Green Knights,STN,,STN,St. Norbert,,,,,#000000,,http://a.espncdn.com/i/teamlogos/ncaa/500/2832.png,http://a.espncdn.com/i/teamlogos/ncaa/500-dark/2832.png
,,St. Olaf,,,,,,,,,,,,,,,
,,St. Olaf College,,,Oles,STO,,STO,St. Olaf ,,,,,#000000,,http://a.espncdn.com/i/teamlogos/ncaa/500/133.png,http://a.espncdn.com/i/teamlogos/ncaa/500-dark/133.png
,,St. Paul,,,,,,,,,,,,,,,
,,St. Paul Central High,,,,,,,,,,,,,,,
,,St. Paul's (New Hampshire),,,,,,,,,,,,,,,
,,St. Paul's College,,,Tigers,STP,,STP,St. Paul's ,,,,,#000000,,http://a.espncdn.com/i/teamlogos/ncaa/500/2611.png,http://a.espncdn.com/i/teamlogos/ncaa/500-dark/2611.png
,,St. Scholastica,,,College of St. Scholastica,SS,,SS,St. Scholastica,,,,,#000000,,http://a.espncdn.com/i/teamlogos/ncaa/500/375.png,http://a.espncdn.com/i/teamlogos/ncaa/500-dark/375.png
,,St. Steven's,,,,,,,,,,,,,,,
,,St. Thomas,,,,,,,,,,,,,,,
,,St. Viator,,,,,,,,,,,,,,,
,,St. Vincent,,,Bearcats,STV,,STV,St. Vincent,,,,,#000000,,http://a.espncdn.com/i/teamlogos/ncaa/500/2614.png,http://a.espncdn.com/i/teamlogos/ncaa/500-dark/2614.png
,,St. Vincent's (California),,,,,,,,,,,,,,,
,,St. Vincent's (Pennsylvania),,,,,,,,,,,,,,,
,,St. Xavier (IL),,,Cougars,STX,,STX,St. Xavier (IL),,,,,#000000,,http://a.espncdn.com/i/teamlogos/ncaa/500/2615.png,http://a.espncdn.com/i/teamlogos/ncaa/500-dark/2615.png
,,Staats A.C.,,,,,,,,,,,,,,,
,,Standifer Shipbuilders,,,,,,,,,,,,,,,
,,Steelton YMCA,,,,,,,,,,,,,,,
,,Sterling A.C.,,,,,,,,,,,,,,,
,,Sterling College,,,Warriors,STC,,STC,Sterling ,,,,,#000000,,http://a.espncdn.com/i/teamlogos/ncaa/500/618.png,http://a.espncdn.com/i/teamlogos/ncaa/500-dark/618.png
,,Stevens,,,Ducks,,,,Stevens,,,,,,,,
,,Stevens Alumni,,,,,,,,,,,,,,,
,,Stevenson,,,Mustangs,STU,,STU,Stevenson,,,,,#000000,,http://a.espncdn.com/i/teamlogos/ncaa/500/471.png,http://a.espncdn.com/i/teamlogos/ncaa/500-dark/471.png
,,Still,,,,,,,,,,,,,,,
,,Stroudsburg,,,,,,,,,,,,,,,
,,Sul Ross State,,,Lobos,SUL,,SUL,Sul Ross St,,,,,#000000,,http://a.espncdn.com/i/teamlogos/ncaa/500/2834.png,http://a.espncdn.com/i/teamlogos/ncaa/500-dark/2834.png
,,SUNY Cortland,,,Red Dragons,COR,,COR,SUNY Cortland,,,,,#000000,,http://a.espncdn.com/i/teamlogos/ncaa/500/2782.png,http://a.espncdn.com/i/teamlogos/ncaa/500-dark/2782.png
,,SUNY Maritime,,,Privateers,MAR,,MAR,SUNY Maritime,,,,,#000000,,http://a.espncdn.com/i/teamlogos/ncaa/500/2951.png,http://a.espncdn.com/i/teamlogos/ncaa/500-dark/2951.png
,,Superba A.C.,,,,,,,,,,,,,,,
,,Susquehanna,,,Crusaders,SUS,,SUS,Susquehanna,,,,,#000000,,http://a.espncdn.com/i/teamlogos/ncaa/500/216.png,http://a.espncdn.com/i/teamlogos/ncaa/500-dark/216.png
,,Swarthmore,,,Garnet Tide,SWAR,,SWAR,Swarthmore,,,,,,,,
,,Swarthmore Alumni,,,,,,,,,,,,,,,
,,Syracuse A.C.,,,,,,,,,,,,,,,
,,Syracuse Alumni,,,,,,,,,,,,,,,
,,Talladega,,,,,,,,,,,,,,,
,,Tampa,,,Spartans,,,,Tampa,,,,,,,,
,,Tampa A.C.,,,,,,,,,,,,,,,
,,Tarkio,,,,,,,,,,,,,,,
,,Taylor,,,Trojans,TAY,,TAY,Taylor,,,,,#000000,,http://a.espncdn.com/i/teamlogos/ncaa/500/620.png,http://a.espncdn.com/i/teamlogos/ncaa/500-dark/620.png
,,Temperance A.C.,,,,,,,,,,,,,,,
,,Tennessee Deaf School,,,,,,,,,,,,,,,
,,Tennessee Medical College,,,,,,,Tennessee Medical College,,,,,,,,
,,Tennessee Military,,,,,,,,,,,,,,,
,,Tennessee Wesleyan,,,,,,,,,,,,,,,
,,Tennessee-Memphis,,,,,,,,,,,,,,,
,,Texas A&M-Commerce,,,Lions,TXA,,TXA,TX A&M-Commerce,,,,,#000000,,http://a.espncdn.com/i/teamlogos/ncaa/500/2837.png,http://a.espncdn.com/i/teamlogos/ncaa/500-dark/2837.png
,,Texas A&M-Kingsville,,,Javelinas,TXA,,TXA,Texas A&M-Kingsville,,,,,#000000,,http://a.espncdn.com/i/teamlogos/ncaa/500/2658.png,http://a.espncdn.com/i/teamlogos/ncaa/500-dark/2658.png
,,Texas College,,,Steers,TXCL,,TXCL,Texas College,,,,,,,http://a.espncdn.com/i/teamlogos/ncaa/500/2637.png,http://a.espncdn.com/i/teamlogos/ncaa/500-dark/2637.png
,,Texas Deaf School,,,,,,,,,,,,,,,
,,Texas Lutheran,,,Bulldogs,TEX,,TEX,Texas Lutheran,,,,,#000000,,http://a.espncdn.com/i/teamlogos/ncaa/500/2639.png,http://a.espncdn.com/i/teamlogos/ncaa/500-dark/2639.png
,,Texas Military,,,,,,,,,,,,,,,
,,Texas Wesleyan,,,,,,,,,,,,,,,
,,Thiel,,,,,,,,,,,,,,,
,,Thiel College,,,Tomcats,THI,,THI,Thiel College,,,,,#000000,,http://a.espncdn.com/i/teamlogos/ncaa/500/2644.png,http://a.espncdn.com/i/teamlogos/ncaa/500-dark/2644.png
,,Third Air Force,,,,,,,,,,,,,,,
,,Thomas More,,,Saints,THO,,THO,Thomas More,,,,,#000000,,http://a.espncdn.com/i/teamlogos/ncaa/500/2646.png,http://a.espncdn.com/i/teamlogos/ncaa/500-dark/2646.png
,,Tiffin,,,Dragons,TIF,,TIF,Tiffin,,,,,#000000,,http://a.espncdn.com/i/teamlogos/ncaa/500/2838.png,http://a.espncdn.com/i/teamlogos/ncaa/500-dark/2838.png
,,Tioga,,,,,,,,,,,,,,,
,,Toledo A.C.,,,,,,,,,,,,,,,
,,Tonkawa Preparatory,,,,,,,,,,,,,,,
,,Toronto All-Stars,,,,,,,,,,,,,,,
,,Transylvania,,,,,,,,,,,,,,,
,,Trine,,,Thunder,TRI,,TRI,Trine,,,,,#000000,,http://a.espncdn.com/i/teamlogos/ncaa/500/2651.png,http://a.espncdn.com/i/teamlogos/ncaa/500-dark/2651.png
,,Trinity (CT),,,Bantams,TRI,,TRI,Trinity (CT),,,,,#000000,,http://a.espncdn.com/i/teamlogos/ncaa/500/2977.png,http://a.espncdn.com/i/teamlogos/ncaa/500-dark/2977.png
,,Trinity (IL),,,Trojans,TRI,,TRI,Trinity (IL),,,,,#000000,,http://a.espncdn.com/i/teamlogos/ncaa/500/2652.png,http://a.espncdn.com/i/teamlogos/ncaa/500-dark/2652.png
,,Trinity (Texas),,,,,,,,,,,,,,,
,,Trinity (TX),,,Tigers,TRI,,TRI,Trinity (TX),,,,,#000000,,http://a.espncdn.com/i/teamlogos/ncaa/500/386.png,http://a.espncdn.com/i/teamlogos/ncaa/500-dark/386.png
,,Trinity Bible,,,Lions,TRI,,TRI,Trinity Bible,,,,,,,http://a.espncdn.com/i/teamlogos/ncaa/500/3214.png,http://a.espncdn.com/i/teamlogos/ncaa/500-dark/3214.png
,,Trinity International (IL),,,Trojans,TRN,,TRN,Trinity Intl,,,,,,,http://a.espncdn.com/i/teamlogos/ncaa/500/2907.png,http://a.espncdn.com/i/teamlogos/ncaa/500-dark/2907.png
,,Troy Laureates,,,,,,,,,,,,,,,
,,Truman State,,,Bulldogs,TRU,,TRU,Truman St,,,,,#000000,,http://a.espncdn.com/i/teamlogos/ncaa/500/2654.png,http://a.espncdn.com/i/teamlogos/ncaa/500-dark/2654.png
,,Tufts,,,Jumbos,TUF,,TUF,Tufts,,,,,#000000,,http://a.espncdn.com/i/teamlogos/ncaa/500/112.png,http://a.espncdn.com/i/teamlogos/ncaa/500-dark/112.png
,,Tulane Alumni,,,,,,,,,,,,,,,
,,Tusculum,,,Pioneers,TUS,,TUS,Tusculum,,,,,#000000,,http://a.espncdn.com/i/teamlogos/ncaa/500/2839.png,http://a.espncdn.com/i/teamlogos/ncaa/500-dark/2839.png
,,Tuskegee,,,Golden Tigers,TUS,,TUS,Tuskegee,,,,,#000000,,http://a.espncdn.com/i/teamlogos/ncaa/500/2657.png,http://a.espncdn.com/i/teamlogos/ncaa/500-dark/2657.png
,,Twin Cities Central High,,,,,,,,,,,,,,,
,,Twin Cities High,,,,,,,,,,,,,,,
,,U.S. Amphibians,,,,,,,,,,,,,,,
,,U.S. International,,,,,,,,,,,,,,,
,,U.S. Marines,,,,,,,,,,,,,,,
,,UAY All-Stars,,,,,,,,,,,,,,,
,,UMass Dartmouth,,,Corsairs,MAS,,MAS,UMass Dartmouth,,,,,#000000,,http://a.espncdn.com/i/teamlogos/ncaa/500/379.png,http://a.espncdn.com/i/teamlogos/ncaa/500-dark/379.png
,,UNC Pembroke,,,Braves,NCP,,NCP,UNC Pembroke,,,,,#000000,,http://a.espncdn.com/i/teamlogos/ncaa/500/2882.png,http://a.espncdn.com/i/teamlogos/ncaa/500-dark/2882.png
,,Union (NY),,,Dutchmen,,,,Union (NY),,,,,,,,
,,Union (Tennessee),,,,,,,,,,,,,,,
,,Union College,,,Dutchmen,UNI,Union,UNI,Union Ky College,,,,,,,http://a.espncdn.com/i/teamlogos/ncaa/500/2841.png,http://a.espncdn.com/i/teamlogos/ncaa/500-dark/2841.png
,,University Club of Chicago,,,,,,,,,,,,,,,
,,University of Faith,,,Glory Eagles,UFFL,,UFFL,Faith-Florida,,,,,,,http://a.espncdn.com/i/teamlogos/ncaa/500/3254.png,http://a.espncdn.com/i/teamlogos/ncaa/500-dark/3254.png
,,University of Mary,,,Marauders,MAR,,MAR,U of Mary,,,,,#000000,,http://a.espncdn.com/i/teamlogos/ncaa/500/559.png,http://a.espncdn.com/i/teamlogos/ncaa/500-dark/559.png
,,University of Mexico,,,,,,,,,,,,,,,
,,Upper Iowa,,,Peacocks,UI,,UI,Upper Iowa,,,,,#000000,,http://a.espncdn.com/i/teamlogos/ncaa/500/389.png,http://a.espncdn.com/i/teamlogos/ncaa/500-dark/389.png
,,Upsala,,,,,,,,,,,,,,,
,,Urbana,,,Blue Knights,URB,,URB,Urbana,,,,,#000000,,http://a.espncdn.com/i/teamlogos/ncaa/500/2666.png,http://a.espncdn.com/i/teamlogos/ncaa/500-dark/2666.png
,,Ursinus,,,Bears,URS,,URS,Ursinus,,,,,#000000,,http://a.espncdn.com/i/teamlogos/ncaa/500/2667.png,http://a.espncdn.com/i/teamlogos/ncaa/500-dark/2667.png
,,US Recup. Company,,,,,,,,,,,,,,,
,,USS Boston,,,,,,,,,,,,,,,
,,USS Franklin,,,,,,,,,,,,,,,
,,USS Idaho,,,,,,,,,,,,,,,
,,USS Maryland,,,,,,,,,,,,,,,
,,USS Mercy,,,,,,,,,,,,,,,
,,USS Minnesota,,,,,,,,,,,,,,,
,,USS Mississippi,,,,,,,,,,,,,,,
,,USS New Mexico,,,,,,,,,,,,,,,
,,USS New York,,,,,,,,,,,,,,,
,,USS Oklahoma,,,,,,,,,,,,,,,
,,USS Tennessee,,,,,,,,,,,,,,,
,,USS Utah,,,,,,,,,,,,,,,
,,USS Washington,,,,,,,,,,,,,,,
,,Utah Alumni,,,,,,,,,,,,,,,
,,Utah Field Artillery,,,,,,,,,,,,,,,
,,Utah State Alumni,,,,,,,,,,,,,,,
,,Utica,,,Pioneers,UTICA,,UTICA,Utica College,,,,,#000000,,http://a.espncdn.com/i/teamlogos/ncaa/500/390.png,http://a.espncdn.com/i/teamlogos/ncaa/500-dark/390.png
,,UVA-Wise,,,Highland Cavaliers,VAW,,VAW,UVA-Wise,,,,,,,http://a.espncdn.com/i/teamlogos/ncaa/500/2842.png,http://a.espncdn.com/i/teamlogos/ncaa/500-dark/2842.png
,,UW-Oshkosh,,,Titans,WIS,,WIS,UW-Oshkosh,,,,,#000000,,http://a.espncdn.com/i/teamlogos/ncaa/500/271.png,http://a.espncdn.com/i/teamlogos/ncaa/500-dark/271.png
,,UW-River Falls,,,Falcons,WIS,,WIS,UW-River Falls,,,,,#000000,,http://a.espncdn.com/i/teamlogos/ncaa/500/2723.png,http://a.espncdn.com/i/teamlogos/ncaa/500-dark/2723.png
,,UW-Stout,,,Blue Devils,WIS,,WIS,UW-Stout,,,,,#000000,,http://a.espncdn.com/i/teamlogos/ncaa/500/2744.png,http://a.espncdn.com/i/teamlogos/ncaa/500-dark/2744.png
,,UW-Whitewater,,,Warhawks,WISW,,WISW,UW-Whitewater,,,,,#000000,,http://a.espncdn.com/i/teamlogos/ncaa/500/2745.png,http://a.espncdn.com/i/teamlogos/ncaa/500-dark/2745.png
,,Valdosta State,,,Blazers,VAL,,VAL,Valdosta St,,,,,#000000,,http://a.espncdn.com/i/teamlogos/ncaa/500/2673.png,http://a.espncdn.com/i/teamlogos/ncaa/500-dark/2673.png
,,Valley City State,,,Vikings,VAL,,VAL,Valley City St,,,,,#000000,,http://a.espncdn.com/i/teamlogos/ncaa/500/628.png,http://a.espncdn.com/i/teamlogos/ncaa/500-dark/628.png
,,Vancouver Barracks,,,,,,,,,,,,,,,
,,Vanderbilt Alumni,,,,,,,,,,,,,,,
,,Vedado A.C.,,,,,,,,,,,,,,,
,,Vermont Methodist Seminary,,,,,,,,,,,,,,,
,,Vicksburg A.C.,,,,,,,,,,,,,,,
,,Vigilant A.C.,,,,,,,,,,,,,,,
,,Vincennes,,,,,,,,,,,,,,,
,,Vineland,,,,,,,,,,,,,,,
,,Virginia Boat Club,,,,,,,,,,,,,,,
,,Virginia Medical,,,,,,,,,,,,,,,
,,Virginia State,,,Trojans,VIR,,VIR,Virginia St,,,,,#000000,,http://a.espncdn.com/i/teamlogos/ncaa/500/330.png,http://a.espncdn.com/i/teamlogos/ncaa/500-dark/330.png
,,Virginia Tech Alumni,,,,,,,,,,,,,,,
,,Virginia Union,,,Panthers,VIR,,VIR,Virginia Union,,,,,#000000,,http://a.espncdn.com/i/teamlogos/ncaa/500/2676.png,http://a.espncdn.com/i/teamlogos/ncaa/500-dark/2676.png
,,Volunteer A.C.,,,,,,,,,,,,,,,
,,Wabash College,,,Little Giants,WAB,Wabash,WAB,Wabash College,,,,,#000000,,http://a.espncdn.com/i/teamlogos/ncaa/500/89.png,http://a.espncdn.com/i/teamlogos/ncaa/500-dark/89.png
,,Waco Field,,,,,,,,,,,,,,,
,,Wake Forest Freshmen,,,,,,,,,,,,,,,
,,Waldorf,,,Warriors,WAL,,WAL,Waldorf,,,,,#000000,,http://a.espncdn.com/i/teamlogos/ncaa/500/3080.png,http://a.espncdn.com/i/teamlogos/ncaa/500-dark/3080.png
,,Walsh,,,Cavaliers,WALSH,,WALSH,Walsh,,,,,#000000,,http://a.espncdn.com/i/teamlogos/ncaa/500/2682.png,http://a.espncdn.com/i/teamlogos/ncaa/500-dark/2682.png
,,Walton,,,,,,,,,,,,,,,
,,Warner,,,Royals,UWS,,UWS,Warner,,,,,,,http://a.espncdn.com/i/teamlogos/ncaa/500/2683.png,http://a.espncdn.com/i/teamlogos/ncaa/500-dark/2683.png
,,Warrenton Preparatory,,,,,,,,,,,,,,,
,,Wartburg,,,Knights,WAR,,WAR,Wartburg,,,,,#000000,,http://a.espncdn.com/i/teamlogos/ncaa/500/2685.png,http://a.espncdn.com/i/teamlogos/ncaa/500-dark/2685.png
,,Washburn,,,Ichabods,WAS,,WAS,Washburn,,,,,#000000,,http://a.espncdn.com/i/teamlogos/ncaa/500/2687.png,http://a.espncdn.com/i/teamlogos/ncaa/500-dark/2687.png
,,Washington (Maryland),,,,,,,,,,,,,,,
,,Washington (MO),,,Bears,WAS,,WAS,Washington (MO),,,,,#000000,,http://a.espncdn.com/i/teamlogos/ncaa/500/143.png,http://a.espncdn.com/i/teamlogos/ncaa/500-dark/143.png
,,Washington & Jefferson,,,Presidents,WAS,,WAS,W&J,,,,,#000000,,http://a.espncdn.com/i/teamlogos/ncaa/500/2686.png,http://a.espncdn.com/i/teamlogos/ncaa/500-dark/2686.png
,,Washington & Lee,,,Generals,UWL,,UWL,Wash. & Lee,,,,,#000000,,http://a.espncdn.com/i/teamlogos/ncaa/500/2688.png,http://a.espncdn.com/i/teamlogos/ncaa/500-dark/2688.png
,,Washington Artillery,,,,,,,,,,,,,,,
,,Washington Redskins (NFL),,,,,,,,,,,,,,,
,,Washington YMCA,,,,,,,,,,,,,,,
,,Waterton,,,,,,,,,,,,,,,
,,Watertown,,,,,,,,,,,,,,,
,,Waukegan High,,,,,,,,,,,,,,,
,,Wayland Baptist,,,Pioneers,WAY,,WAY,Wayland,,,,,,,http://a.espncdn.com/i/teamlogos/ncaa/500/630.png,http://a.espncdn.com/i/teamlogos/ncaa/500-dark/630.png
,,Wayne State,,,,,,,,,,,,,,,
,,Wayne State (MI),,,Warriors,WAY,,WAY,Wayne St (MI),,,,,#000000,,http://a.espncdn.com/i/teamlogos/ncaa/500/131.png,http://a.espncdn.com/i/teamlogos/ncaa/500-dark/131.png
,,Wayne State (NE),,,Wildcats,WAY,,WAY,Wayne St (NE),,,,,#000000,,http://a.espncdn.com/i/teamlogos/ncaa/500/2844.png,http://a.espncdn.com/i/teamlogos/ncaa/500-dark/2844.png
,,Waynesburg,,,Yellow Jackets,WAY,,WAY,Waynesburg,,,,,#000000,,http://a.espncdn.com/i/teamlogos/ncaa/500/2845.png,http://a.espncdn.com/i/teamlogos/ncaa/500-dark/2845.png
,,Webber International,,,Warriors,WEBB,,WEBB,Webber College,,,,,#bf2f38,#909090,http://a.espncdn.com/i/teamlogos/ncaa/500/2691.png,http://a.espncdn.com/i/teamlogos/ncaa/500-dark/2691.png
,,Welch Neck High,,,,,,,,,,,,,,,
,,Wendell Phillips High,,,,,,,,,,,,,,,
,,Wesley,,,,,,,,,,,,,,,
,,Wesley College,,,Wolverines,WES,,WES,Wesley College,,,,,#000000,,http://a.espncdn.com/i/teamlogos/ncaa/500/2846.png,http://a.espncdn.com/i/teamlogos/ncaa/500-dark/2846.png
,,Wesleyan,,,Cardinals,WES,Wesleyan,WES,Wesleyan,,,,,#000000,,http://a.espncdn.com/i/teamlogos/ncaa/500/336.png,http://a.espncdn.com/i/teamlogos/ncaa/500-dark/336.png
,,Wesleyan (CT),,,Cardinals,,,,Wesleyan (CT),,,,,,,,
,,West Alabama,,,Tigers,WES,,WES,West Alabama,,,,,#000000,,http://a.espncdn.com/i/teamlogos/ncaa/500/2695.png,http://a.espncdn.com/i/teamlogos/ncaa/500-dark/2695.png
,,West Coast Army,,,,,,,,,,,,,,,
,,West Coast Navy,,,,,,,,,,,,,,,
,,West Denver High,,,,,,,,,,,,,,,
,,West Division High,,,,,,,,,,,,,,,
,,West End Amateurs,,,,,,,,,,,,,,,
,,West Florida,,,Argonauts,,,,Argonauts,,,,,,,,
,,West Georgia,,,Wolves,WES,,WES,West Georgia,,,,,#000000,,http://a.espncdn.com/i/teamlogos/ncaa/500/2698.png,http://a.espncdn.com/i/teamlogos/ncaa/500-dark/2698.png
,,West Liberty,,,Hilltoppers,WES,,WES,West Liberty,,,,,#000000,,http://a.espncdn.com/i/teamlogos/ncaa/500/2699.png,http://a.espncdn.com/i/teamlogos/ncaa/500-dark/2699.png
,,West Logan High,,,,,,,,,,,,,,,
,,West Seattle A.C.,,,,,,,,,,,,,,,
,,West Texas A&M,,,Buffaloes,WES,,WES,West Texas A&M,,,,,#000000,,http://a.espncdn.com/i/teamlogos/ncaa/500/2704.png,http://a.espncdn.com/i/teamlogos/ncaa/500-dark/2704.png
,,West Texas Military,,,,,,,,,,,,,,,
,,West Virginia Tech,,,Golden Bears,WVT,,WVT,W Virginia Tech,,,,,#000000,,http://a.espncdn.com/i/teamlogos/ncaa/500/2706.png,http://a.espncdn.com/i/teamlogos/ncaa/500-dark/2706.png
,,Western (Iowa),,,,,,,,,,,,,,,
,,Western Connecticut State,,,Colonials,WES,,WES,W Conn St,,,,,#000000,,http://a.espncdn.com/i/teamlogos/ncaa/500/2843.png,http://a.espncdn.com/i/teamlogos/ncaa/500-dark/2843.png
,,Western New England,,,Golden Bears,WES,,WES,W New England,,,,,#000000,,http://a.espncdn.com/i/teamlogos/ncaa/500/2702.png,http://a.espncdn.com/i/teamlogos/ncaa/500-dark/2702.png
,,Western New Mexico,,,Mustangs,WES,,WES,W New Mexico,,,,,#000000,,http://a.espncdn.com/i/teamlogos/ncaa/500/2703.png,http://a.espncdn.com/i/teamlogos/ncaa/500-dark/2703.png
,,Western Oregon,,,Wolves,WES,,WES,Western Oregon,,,,,#000000,,http://a.espncdn.com/i/teamlogos/ncaa/500/2848.png,http://a.espncdn.com/i/teamlogos/ncaa/500-dark/2848.png
,,Western Reserve,,,,,,,,,,,,,,,
,,Western State,,,Mountaineers,WES,,WES,Western St.,,,,,#000000,,http://a.espncdn.com/i/teamlogos/ncaa/500/2714.png,http://a.espncdn.com/i/teamlogos/ncaa/500-dark/2714.png
,,Western Washington,,,Vikings,WES,,WES,W Washington,,,,,#000000,,http://a.espncdn.com/i/teamlogos/ncaa/500/2847.png,http://a.espncdn.com/i/teamlogos/ncaa/500-dark/2847.png
,,Westfield State,,,Owls,WES,,WES,Westfield St,,,,,#000000,,http://a.espncdn.com/i/teamlogos/ncaa/500/2909.png,http://a.espncdn.com/i/teamlogos/ncaa/500-dark/2909.png
,,Westminster,,,Blue Jays,WMN,,WMN,Westminster,,,,,#000000,,http://a.espncdn.com/i/teamlogos/ncaa/500/433.png,http://a.espncdn.com/i/teamlogos/ncaa/500-dark/433.png
,,Westminster (Missouri),,,,,,,,,,,,,,,
,,Westminster (Pennsylvania),,,,,,,,,,,,,,,
,,Westminster PA,,,Titans,WMN,,WMN,Westminster PA,,,,,#000000,,http://a.espncdn.com/i/teamlogos/ncaa/500/2849.png,http://a.espncdn.com/i/teamlogos/ncaa/500-dark/2849.png
,,Wetumpka,,,,,,,,,,,,,,,
,,Wheaton College (Ill),,,Thunder,WHE,,WHE,Wheaton  (Ill),,,,,#000000,,http://a.espncdn.com/i/teamlogos/ncaa/500/396.png,http://a.espncdn.com/i/teamlogos/ncaa/500-dark/396.png
,,Wheaton High,,,,,,,,,,,,,,,
,,White Sands,,,,,,,,,,,,,,,
,,White Squadron,,,,,,,,,,,,,,,
,,Whitman,,,Missionaries,,,,Whitman,,,,,,,,
,,Whittier,,,Poets,WHI,,WHI,Whittier,,,,,#000000,,http://a.espncdn.com/i/teamlogos/ncaa/500/2850.png,http://a.espncdn.com/i/teamlogos/ncaa/500-dark/2850.png
,,Whitworth,,,Pirates,WHI,,WHI,Whitworth,,,,,#000000,,http://a.espncdn.com/i/teamlogos/ncaa/500/2721.png,http://a.espncdn.com/i/teamlogos/ncaa/500-dark/2721.png
,,Widener,,,Pride,WID,,WID,Widener,,,,,#000000,,http://a.espncdn.com/i/teamlogos/ncaa/500/2725.png,http://a.espncdn.com/i/teamlogos/ncaa/500-dark/2725.png
,,Wilkes,,,Colonels,WIL,,WIL,Wilkes,,,,,#000000,,http://a.espncdn.com/i/teamlogos/ncaa/500/398.png,http://a.espncdn.com/i/teamlogos/ncaa/500-dark/398.png
,,Willamette,,,Bearcats,WIL,,WIL,Willamette,,,,,#000000,,http://a.espncdn.com/i/teamlogos/ncaa/500/2930.png,http://a.espncdn.com/i/teamlogos/ncaa/500-dark/2930.png
,,William Jewell,,,,,,,,,,,,,,,
,,William Jewell College,,,Cardinals,WJC,,WJC,William Jewell ,,,,,#000000,,http://a.espncdn.com/i/teamlogos/ncaa/500/2911.png,http://a.espncdn.com/i/teamlogos/ncaa/500-dark/2911.png
,,William Paterson,,,Pioneers,WMP,,WMP,William Paterson,,,,,#000000,,http://a.espncdn.com/i/teamlogos/ncaa/500/2970.png,http://a.espncdn.com/i/teamlogos/ncaa/500-dark/2970.png
,,William Penn,,,Statesmen,WIL,,WIL,William Penn,,,,,#000000,,http://a.espncdn.com/i/teamlogos/ncaa/500/2912.png,http://a.espncdn.com/i/teamlogos/ncaa/500-dark/2912.png
,,Williams,,,Ephs,WIL,,WIL,Williams,,,,,#000000,,http://a.espncdn.com/i/teamlogos/ncaa/500/2731.png,http://a.espncdn.com/i/teamlogos/ncaa/500-dark/2731.png
,,Williams Alumni,,,,,,,,,,,,,,,
,,Williams Field,,,,,,,,,,,,,,,
,,Williamson Trade,,,Mechanics,WIL,,WIL,Williamson Trade,,,,,#000000,,http://a.espncdn.com/i/teamlogos/ncaa/500/3130.png,http://a.espncdn.com/i/teamlogos/ncaa/500-dark/3130.png
,,Williamsport,,,,,,,,,,,,,,,
,,Williston,,,,,,,,,,,,,,,
,,Wilmington (OH),,,Quakers,WIL,,WIL,Wilmington (OH),,,,,#000000,,http://a.espncdn.com/i/teamlogos/ncaa/500/2733.png,http://a.espncdn.com/i/teamlogos/ncaa/500-dark/2733.png
,,Winchester,,,,,,,,,,,,,,,
,,Wingate,,,Bulldogs,WIN,,WIN,Wingate,,,,,#000000,,http://a.espncdn.com/i/teamlogos/ncaa/500/351.png,http://a.espncdn.com/i/teamlogos/ncaa/500-dark/351.png
,,Winona State,,,Warriors,WIN,,WIN,Winona St,,,,,#000000,,http://a.espncdn.com/i/teamlogos/ncaa/500/2851.png,http://a.espncdn.com/i/teamlogos/ncaa/500-dark/2851.png
,,Winston-Salem,,,Rams,WSSU,,WSSU,Winston-Salem,,,,,#bb0100,,http://a.espncdn.com/i/teamlogos/ncaa/500/2736.png,http://a.espncdn.com/i/teamlogos/ncaa/500-dark/2736.png
,,Wisconsin Alumni,,,,,,,,,,,,,,,
,,Wisconsin Freshmen,,,,,,,,,,,,,,,
,,Wisconsin Lutheran,,,Warriors,WIS,,WIS,Wisconsin Lutheran,,,,,#000000,,http://a.espncdn.com/i/teamlogos/ncaa/500/2741.png,http://a.espncdn.com/i/teamlogos/ncaa/500-dark/2741.png
,,Wisconsin-Eau Claire,,,Blugolds,WIS,,WIS,UW-Eau Claire,,,,,#000000,,http://a.espncdn.com/i/teamlogos/ncaa/500/2738.png,http://a.espncdn.com/i/teamlogos/ncaa/500-dark/2738.png
,,Wisconsin-La Crosse,,,Eagles,WIS,,WIS,UW-La Crosse,,,,,#000000,,http://a.espncdn.com/i/teamlogos/ncaa/500/2740.png,http://a.espncdn.com/i/teamlogos/ncaa/500-dark/2740.png
,,Wisconsin-Oshkosh,,,,,,,,,,,,,,,
,,Wisconsin-Platteville,,,Pioneers,WIS,,WIS,UW-Platteville,,,,,#000000,,http://a.espncdn.com/i/teamlogos/ncaa/500/272.png,http://a.espncdn.com/i/teamlogos/ncaa/500-dark/272.png
,,Wisconsin-Stevens Point,,,Pointers,WIS,,WIS,UW-Stevens Point,,,,,#000000,,http://a.espncdn.com/i/teamlogos/ncaa/500/2743.png,http://a.espncdn.com/i/teamlogos/ncaa/500-dark/2743.png
,,Wisconsin-Whitewater,,,,,,,,,,,,,,,
,,Wissahickon Barracks,,,,,,,,,,,,,,,
,,Wittenberg,,,Tigers,WIT,,WIT,Wittenberg,,,,,#000000,,http://a.espncdn.com/i/teamlogos/ncaa/500/2746.png,http://a.espncdn.com/i/teamlogos/ncaa/500-dark/2746.png
,,Wooster,,,Fighting Scots,WOO,,WOO,Wooster,,,,,#000000,,http://a.espncdn.com/i/teamlogos/ncaa/500/2748.png,http://a.espncdn.com/i/teamlogos/ncaa/500-dark/2748.png
,,Worcester A.C.,,,,,,,,,,,,,,,
,,Worcester Academy,,,,,,,,,,,,,,,
,,Worcester Polytechnic,,,Engineers,WPI,,WPI,WPI,,,,,#000000,,http://a.espncdn.com/i/teamlogos/ncaa/500/2749.png,http://a.espncdn.com/i/teamlogos/ncaa/500-dark/2749.png
,,Worcester State College,,,Lancers,WOR,,WOR,Worcester St ,,,,,#000000,,http://a.espncdn.com/i/teamlogos/ncaa/500/402.png,http://a.espncdn.com/i/teamlogos/ncaa/500-dark/402.png
,,WV State,,,Yellow Jackets,WES,,WES,WV St,,,,,#000000,,http://a.espncdn.com/i/teamlogos/ncaa/500/2707.png,http://a.espncdn.com/i/teamlogos/ncaa/500-dark/2707.png
,,WV Wesleyan,,,Bobcats,WVW,West Virginia Wesleyan,WVW,WV Wesleyan,,,,,#000000,,http://a.espncdn.com/i/teamlogos/ncaa/500/455.png,http://a.espncdn.com/i/teamlogos/ncaa/500-dark/455.png
,,Wyoming Alumni,,,,,,,,,,,,,,,
,,Wyoming Faculty,,,,,,,,,,,,,,,
,,Wyoming Seminary,,,,,,,,,,,,,,,
,,Yale Alumni,,,,,,,,,,,,,,,
,,Yale Consolidated,,,,,,,,,,,,,,,
,,Yale Freshmen,,,,,,,,,,,,,,,
,,Yale/Princeton/Harvard Grads,,,,,,,,,,,,,,,
,,YMI,,,,,,,,,,,,,,,
,,York YMCA,,,,,,,,,,,,,,,
,,Yuma Field,,,,,,,,,,,,,,,
,,,,,,,,,,,,,,,,,